"Variant Id","Parent Id",Product_ID,Name,Description,Product_URL,Price,Images_URL,"Additional Image","Compare At Price",Category,Gender,Brand,EAN,Quantity,Availability,Size,"Variant Option 2",Shipping_cost,Color,Fabric,Style,Pattern,Occasion
42598654705887,7588696260831,010852000724A102,"Marisa - Chemisier midi in seta",}},https://www.mantero.com/products/chemisier-midi-in-seta-marisa-british-charm-blu?variant=42598654705887&om=8096,710.00,"https://cdn.shopify.com/s/files/1/0600/6692/2719/products/010852000724A102_01.jpg?v=1645459592, https://cdn.shopify.com/s/files/1/0600/6692/2719/products/010852000724A102_02.jpg?v=1645459592, https://cdn.shopify.com/s/files/1/0600/6692/2719/products/010852000724A102_03.jpg?v=1645459592, https://cdn.shopify.com/s/files/1/0600/6692/2719/products/010852000724A102_04.jpg?v=1645459592",123,0.00,"Women > Abbigliamento > Abiti e Tute|Dresses and Suits",Women,"Mantero 1902",8300924116804,1,"in stock",S,"",0,"","","","",""
42598654738655,7588696260831,010852000724A103,"Marisa - Chemisier midi in seta",}},https://www.mantero.com/products/chemisier-midi-in-seta-marisa-british-charm-blu?variant=42598654738655&om=8096,710.00,"https://cdn.shopify.com/s/files/1/0600/6692/2719/products/010852000724A102_01.jpg?v=1645459592, https://cdn.shopify.com/s/files/1/0600/6692/2719/products/010852000724A102_02.jpg?v=1645459592, https://cdn.shopify.com/s/files/1/0600/6692/2719/products/010852000724A102_03.jpg?v=1645459592, https://cdn.shopify.com/s/files/1/0600/6692/2719/products/010852000724A102_04.jpg?v=1645459592",123,0.00,"Women > Abbigliamento > Abiti e Tute|Dresses and Suits",Women,"Mantero 1902",8300924116811,1,"in stock",M,"",0,"","","","",""
42598654771423,7588696260831,010852000724A104,"Marisa - Chemisier midi in seta",}},https://www.mantero.com/products/chemisier-midi-in-seta-marisa-british-charm-blu?variant=42598654771423&om=8096,710.00,"https://cdn.shopify.com/s/files/1/0600/6692/2719/products/010852000724A102_01.jpg?v=1645459592, https://cdn.shopify.com/s/files/1/0600/6692/2719/products/010852000724A102_02.jpg?v=1645459592, https://cdn.shopify.com/s/files/1/0600/6692/2719/products/010852000724A102_03.jpg?v=1645459592, https://cdn.shopify.com/s/files/1/0600/6692/2719/products/010852000724A102_04.jpg?v=1645459592",123,0.00,"Women > Abbigliamento > Abiti e Tute|Dresses and Suits",Women,"Mantero 1902",8300924116828,0,"out of stock",L,"",0,"","","","",""
42598654935263,7588696424671,011202000723A102,"Marisa - Chemisier midi in seta",}},https://www.mantero.com/products/chemisier-midi-in-seta-marisa-grand-tour-azzurro?variant=42598654935263&om=8096,710.00,"https://cdn.shopify.com/s/files/1/0600/6692/2719/products/011202000723A102_01.jpg?v=1645459594, https://cdn.shopify.com/s/files/1/0600/6692/2719/products/011202000723A102_02.jpg?v=1645459594, https://cdn.shopify.com/s/files/1/0600/6692/2719/products/011202000723A102_03.jpg?v=1645459594, https://cdn.shopify.com/s/files/1/0600/6692/2719/products/011202000723A102_04.jpg?v=1645459594",123,0.00,"Women > Abbigliamento > Abiti e Tute|Dresses and Suits",Women,"Mantero 1902",8300924116903,1,"in stock",S,"",0,"","","","",""
42598654968031,7588696424671,011202000723A103,"Marisa - Chemisier midi in seta",}},https://www.mantero.com/products/chemisier-midi-in-seta-marisa-grand-tour-azzurro?variant=42598654968031&om=8096,710.00,"https://cdn.shopify.com/s/files/1/0600/6692/2719/products/011202000723A102_01.jpg?v=1645459594, https://cdn.shopify.com/s/files/1/0600/6692/2719/products/011202000723A102_02.jpg?v=1645459594, https://cdn.shopify.com/s/files/1/0600/6692/2719/products/011202000723A102_03.jpg?v=1645459594, https://cdn.shopify.com/s/files/1/0600/6692/2719/products/011202000723A102_04.jpg?v=1645459594",123,0.00,"Women > Abbigliamento > Abiti e Tute|Dresses and Suits",Women,"Mantero 1902",8300924116910,2,"in stock",M,"",0,"","","","",""
42598655000799,7588696424671,011202000723A104,"Marisa - Chemisier midi in seta",}},https://www.mantero.com/products/chemisier-midi-in-seta-marisa-grand-tour-azzurro?variant=42598655000799&om=8096,710.00,"https://cdn.shopify.com/s/files/1/0600/6692/2719/products/011202000723A102_01.jpg?v=1645459594, https://cdn.shopify.com/s/files/1/0600/6692/2719/products/011202000723A102_02.jpg?v=1645459594, https://cdn.shopify.com/s/files/1/0600/6692/2719/products/011202000723A102_03.jpg?v=1645459594, https://cdn.shopify.com/s/files/1/0600/6692/2719/products/011202000723A102_04.jpg?v=1645459594",123,0.00,"Women > Abbigliamento > Abiti e Tute|Dresses and Suits",Women,"Mantero 1902",8300924116927,1,"in stock",L,"",0,"","","","",""
42598655197407,7588696588511,011502770726A102,"Marisa - Chemisier midi in seta",}},https://www.mantero.com/products/chemisier-midi-in-seta-marisa-wisteria-lane-fucsia?variant=42598655197407&om=8096,710.00,"https://cdn.shopify.com/s/files/1/0600/6692/2719/products/011502770726A102_01.jpg?v=1645459595, https://cdn.shopify.com/s/files/1/0600/6692/2719/products/011502770726A102_02.jpg?v=1645459595, https://cdn.shopify.com/s/files/1/0600/6692/2719/products/011502770726A102_03.jpg?v=1645459595, https://cdn.shopify.com/s/files/1/0600/6692/2719/products/011502770726A102_04.jpg?v=1645459595",123,0.00,"Women > Abbigliamento > Abiti e Tute|Dresses and Suits",Women,"Mantero 1902",8300924120788,1,"in stock",S,"",0,"","","","",""
42598655230175,7588696588511,011502770726A103,"Marisa - Chemisier midi in seta",}},https://www.mantero.com/products/chemisier-midi-in-seta-marisa-wisteria-lane-fucsia?variant=42598655230175&om=8096,710.00,"https://cdn.shopify.com/s/files/1/0600/6692/2719/products/011502770726A102_01.jpg?v=1645459595, https://cdn.shopify.com/s/files/1/0600/6692/2719/products/011502770726A102_02.jpg?v=1645459595, https://cdn.shopify.com/s/files/1/0600/6692/2719/products/011502770726A102_03.jpg?v=1645459595, https://cdn.shopify.com/s/files/1/0600/6692/2719/products/011502770726A102_04.jpg?v=1645459595",123,0.00,"Women > Abbigliamento > Abiti e Tute|Dresses and Suits",Women,"Mantero 1902",8300924120863,1,"in stock",M,"",0,"","","","",""
42598655262943,7588696588511,011502770726A104,"Marisa - Chemisier midi in seta",}},https://www.mantero.com/products/chemisier-midi-in-seta-marisa-wisteria-lane-fucsia?variant=42598655262943&om=8096,710.00,"https://cdn.shopify.com/s/files/1/0600/6692/2719/products/011502770726A102_01.jpg?v=1645459595, https://cdn.shopify.com/s/files/1/0600/6692/2719/products/011502770726A102_02.jpg?v=1645459595, https://cdn.shopify.com/s/files/1/0600/6692/2719/products/011502770726A102_03.jpg?v=1645459595, https://cdn.shopify.com/s/files/1/0600/6692/2719/products/011502770726A102_04.jpg?v=1645459595",123,0.00,"Women > Abbigliamento > Abiti e Tute|Dresses and Suits",Women,"Mantero 1902",8300924120870,0,"out of stock",L,"",0,"","","","",""
42598655426783,7588696752351,010852000725A102,"Marisa - Chemisier midi in seta",}},https://www.mantero.com/products/chemisier-midi-in-seta-marisa-from-the-window-fucsia?variant=42598655426783&om=8096,710.00,"https://cdn.shopify.com/s/files/1/0600/6692/2719/products/010852000725A102_01.jpg?v=1647426679, https://cdn.shopify.com/s/files/1/0600/6692/2719/products/010852000725A102_02.jpg?v=1647426679, https://cdn.shopify.com/s/files/1/0600/6692/2719/products/010852000725A102_03.jpg?v=1647426679, https://cdn.shopify.com/s/files/1/0600/6692/2719/products/010852000725A102_04.jpg?v=1647426679",123,0.00,"Women > Abbigliamento > Abiti e Tute|Dresses and Suits",Women,"Mantero 1902",8300924116859,1,"in stock",S,"",0,"","","","",""
42598655459551,7588696752351,010852000725A103,"Marisa - Chemisier midi in seta",}},https://www.mantero.com/products/chemisier-midi-in-seta-marisa-from-the-window-fucsia?variant=42598655459551&om=8096,710.00,"https://cdn.shopify.com/s/files/1/0600/6692/2719/products/010852000725A102_01.jpg?v=1647426679, https://cdn.shopify.com/s/files/1/0600/6692/2719/products/010852000725A102_02.jpg?v=1647426679, https://cdn.shopify.com/s/files/1/0600/6692/2719/products/010852000725A102_03.jpg?v=1647426679, https://cdn.shopify.com/s/files/1/0600/6692/2719/products/010852000725A102_04.jpg?v=1647426679",123,0.00,"Women > Abbigliamento > Abiti e Tute|Dresses and Suits",Women,"Mantero 1902",8300924116866,1,"in stock",M,"",0,"","","","",""
42598655492319,7588696752351,010852000725A104,"Marisa - Chemisier midi in seta",}},https://www.mantero.com/products/chemisier-midi-in-seta-marisa-from-the-window-fucsia?variant=42598655492319&om=8096,710.00,"https://cdn.shopify.com/s/files/1/0600/6692/2719/products/010852000725A102_01.jpg?v=1647426679, https://cdn.shopify.com/s/files/1/0600/6692/2719/products/010852000725A102_02.jpg?v=1647426679, https://cdn.shopify.com/s/files/1/0600/6692/2719/products/010852000725A102_03.jpg?v=1647426679, https://cdn.shopify.com/s/files/1/0600/6692/2719/products/010852000725A102_04.jpg?v=1647426679",123,0.00,"Women > Abbigliamento > Abiti e Tute|Dresses and Suits",Women,"Mantero 1902",8300924116873,0,"out of stock",L,"",0,"","","","",""
42598662832351,7588698521823,0117420085724B102,"Laetitia - Blusa in cotone",}},https://www.mantero.com/products/blusa-in-cotone-laetitia-esher-blu?variant=42598662832351&om=8096,350.00,"https://cdn.shopify.com/s/files/1/0600/6692/2719/products/0117420085724B102_01.jpg?v=1645459614, https://cdn.shopify.com/s/files/1/0600/6692/2719/products/0117420085724B102_02.jpg?v=1645459614, https://cdn.shopify.com/s/files/1/0600/6692/2719/products/0117420085724B102_03.jpg?v=1645459614, https://cdn.shopify.com/s/files/1/0600/6692/2719/products/0117420085724B102_04.jpg?v=1645459614",123,0.00,"Women > Abbigliamento > Bluse e Camicie|Blouses and Shirts",Women,"Mantero 1902",8300924114299,1,"in stock",S,"",0,"","","","",""
42598662865119,7588698521823,0117420085724B103,"Laetitia - Blusa in cotone",}},https://www.mantero.com/products/blusa-in-cotone-laetitia-esher-blu?variant=42598662865119&om=8096,350.00,"https://cdn.shopify.com/s/files/1/0600/6692/2719/products/0117420085724B102_01.jpg?v=1645459614, https://cdn.shopify.com/s/files/1/0600/6692/2719/products/0117420085724B102_02.jpg?v=1645459614, https://cdn.shopify.com/s/files/1/0600/6692/2719/products/0117420085724B102_03.jpg?v=1645459614, https://cdn.shopify.com/s/files/1/0600/6692/2719/products/0117420085724B102_04.jpg?v=1645459614",123,0.00,"Women > Abbigliamento > Bluse e Camicie|Blouses and Shirts",Women,"Mantero 1902",8300924114305,1,"in stock",M,"",0,"","","","",""
42598662897887,7588698521823,0117420085724B104,"Laetitia - Blusa in cotone",}},https://www.mantero.com/products/blusa-in-cotone-laetitia-esher-blu?variant=42598662897887&om=8096,350.00,"https://cdn.shopify.com/s/files/1/0600/6692/2719/products/0117420085724B102_01.jpg?v=1645459614, https://cdn.shopify.com/s/files/1/0600/6692/2719/products/0117420085724B102_02.jpg?v=1645459614, https://cdn.shopify.com/s/files/1/0600/6692/2719/products/0117420085724B102_03.jpg?v=1645459614, https://cdn.shopify.com/s/files/1/0600/6692/2719/products/0117420085724B102_04.jpg?v=1645459614",123,0.00,"Women > Abbigliamento > Bluse e Camicie|Blouses and Shirts",Women,"Mantero 1902",8300924114312,0,"out of stock",L,"",0,"","","","",""
42598663717087,7588698849503,011752770726B102,"Laetitia - Blusa in seta",}},https://www.mantero.com/products/blusa-in-seta-laetitia-wisteria-lane-nero?variant=42598663717087&om=8096,410.00,"https://cdn.shopify.com/s/files/1/0600/6692/2719/products/011752770726B102_01.jpg?v=1645459616, https://cdn.shopify.com/s/files/1/0600/6692/2719/products/011752770726B102_02.jpg?v=1645459616, https://cdn.shopify.com/s/files/1/0600/6692/2719/products/011752770726B102_03.jpg?v=1645459616, https://cdn.shopify.com/s/files/1/0600/6692/2719/products/011752770726B102_04.jpg?v=1645459616",123,0.00,"Women > Abbigliamento > Bluse e Camicie|Blouses and Shirts",Women,"Mantero 1902",8300924121556,1,"in stock",S,"",0,"","","","",""
42598663749855,7588698849503,011752770726B103,"Laetitia - Blusa in seta",}},https://www.mantero.com/products/blusa-in-seta-laetitia-wisteria-lane-nero?variant=42598663749855&om=8096,410.00,"https://cdn.shopify.com/s/files/1/0600/6692/2719/products/011752770726B102_01.jpg?v=1645459616, https://cdn.shopify.com/s/files/1/0600/6692/2719/products/011752770726B102_02.jpg?v=1645459616, https://cdn.shopify.com/s/files/1/0600/6692/2719/products/011752770726B102_03.jpg?v=1645459616, https://cdn.shopify.com/s/files/1/0600/6692/2719/products/011752770726B102_04.jpg?v=1645459616",123,0.00,"Women > Abbigliamento > Bluse e Camicie|Blouses and Shirts",Women,"Mantero 1902",8300924121563,2,"in stock",M,"",0,"","","","",""
42642712985823,7588698849503,011752770726B104,"Laetitia - Blusa in seta",}},https://www.mantero.com/products/blusa-in-seta-laetitia-wisteria-lane-nero?variant=42642712985823&om=8096,410.00,"https://cdn.shopify.com/s/files/1/0600/6692/2719/products/011752770726B102_01.jpg?v=1645459616, https://cdn.shopify.com/s/files/1/0600/6692/2719/products/011752770726B102_02.jpg?v=1645459616, https://cdn.shopify.com/s/files/1/0600/6692/2719/products/011752770726B102_03.jpg?v=1645459616, https://cdn.shopify.com/s/files/1/0600/6692/2719/products/011752770726B102_04.jpg?v=1645459616",123,0.00,"Women > Abbigliamento > Bluse e Camicie|Blouses and Shirts",Women,"Mantero 1902",8300924121570,0,"out of stock",L,"",0,"","","","",""
42598663979231,7588698980575,0117520085725B102,"Laetitia - Blusa in cotone",}},https://www.mantero.com/products/blusa-in-cotone-laetitia-explosion-giallo?variant=42598663979231&om=8096,350.00,"https://cdn.shopify.com/s/files/1/0600/6692/2719/products/0117520085725B102_01.jpg?v=1646674681, https://cdn.shopify.com/s/files/1/0600/6692/2719/products/0117520085725B102_02.jpg?v=1646674681, https://cdn.shopify.com/s/files/1/0600/6692/2719/products/0117520085725B102_03.jpg?v=1646674681, https://cdn.shopify.com/s/files/1/0600/6692/2719/products/0117520085725B102_04.jpg?v=1646674681",123,0.00,"Women > Abbigliamento > Bluse e Camicie|Blouses and Shirts",Women,"Mantero 1902",8300924114398,1,"in stock",S,"",0,"","","","",""
42598664011999,7588698980575,0117520085725B103,"Laetitia - Blusa in cotone",}},https://www.mantero.com/products/blusa-in-cotone-laetitia-explosion-giallo?variant=42598664011999&om=8096,350.00,"https://cdn.shopify.com/s/files/1/0600/6692/2719/products/0117520085725B102_01.jpg?v=1646674681, https://cdn.shopify.com/s/files/1/0600/6692/2719/products/0117520085725B102_02.jpg?v=1646674681, https://cdn.shopify.com/s/files/1/0600/6692/2719/products/0117520085725B102_03.jpg?v=1646674681, https://cdn.shopify.com/s/files/1/0600/6692/2719/products/0117520085725B102_04.jpg?v=1646674681",123,0.00,"Women > Abbigliamento > Bluse e Camicie|Blouses and Shirts",Women,"Mantero 1902",8300924114404,2,"in stock",M,"",0,"","","","",""
42598664044767,7588698980575,0117520085725B104,"Laetitia - Blusa in cotone",}},https://www.mantero.com/products/blusa-in-cotone-laetitia-explosion-giallo?variant=42598664044767&om=8096,350.00,"https://cdn.shopify.com/s/files/1/0600/6692/2719/products/0117520085725B102_01.jpg?v=1646674681, https://cdn.shopify.com/s/files/1/0600/6692/2719/products/0117520085725B102_02.jpg?v=1646674681, https://cdn.shopify.com/s/files/1/0600/6692/2719/products/0117520085725B102_03.jpg?v=1646674681, https://cdn.shopify.com/s/files/1/0600/6692/2719/products/0117520085725B102_04.jpg?v=1646674681",123,0.00,"Women > Abbigliamento > Bluse e Camicie|Blouses and Shirts",Women,"Mantero 1902",8300924114411,0,"out of stock",L,"",0,"","","","",""
42598670303455,7588700586207,011772000724G102,"Vittoria - Gonna in seta",}},https://www.mantero.com/products/gonna-in-seta-vittoria-from-the-window-blu?variant=42598670303455&om=8096,480.00,"https://cdn.shopify.com/s/files/1/0600/6692/2719/products/011772000724G102_01.jpg?v=1645459631, https://cdn.shopify.com/s/files/1/0600/6692/2719/products/011772000724G102_02.jpg?v=1645459631, https://cdn.shopify.com/s/files/1/0600/6692/2719/products/011772000724G102_03.jpg?v=1645459631, https://cdn.shopify.com/s/files/1/0600/6692/2719/products/011772000724G102_04.jpg?v=1645459631",123,0.00,"Women > Abbigliamento > Gonne|Skirts",Women,"Mantero 1902",8300924117115,1,"in stock",S,"",0,"","","","",""
42598670336223,7588700586207,011772000724G103,"Vittoria - Gonna in seta",}},https://www.mantero.com/products/gonna-in-seta-vittoria-from-the-window-blu?variant=42598670336223&om=8096,480.00,"https://cdn.shopify.com/s/files/1/0600/6692/2719/products/011772000724G102_01.jpg?v=1645459631, https://cdn.shopify.com/s/files/1/0600/6692/2719/products/011772000724G102_02.jpg?v=1645459631, https://cdn.shopify.com/s/files/1/0600/6692/2719/products/011772000724G102_03.jpg?v=1645459631, https://cdn.shopify.com/s/files/1/0600/6692/2719/products/011772000724G102_04.jpg?v=1645459631",123,0.00,"Women > Abbigliamento > Gonne|Skirts",Women,"Mantero 1902",8300924117122,1,"in stock",M,"",0,"","","","",""
42598670368991,7588700586207,011772000724G104,"Vittoria - Gonna in seta",}},https://www.mantero.com/products/gonna-in-seta-vittoria-from-the-window-blu?variant=42598670368991&om=8096,480.00,"https://cdn.shopify.com/s/files/1/0600/6692/2719/products/011772000724G102_01.jpg?v=1645459631, https://cdn.shopify.com/s/files/1/0600/6692/2719/products/011772000724G102_02.jpg?v=1645459631, https://cdn.shopify.com/s/files/1/0600/6692/2719/products/011772000724G102_03.jpg?v=1645459631, https://cdn.shopify.com/s/files/1/0600/6692/2719/products/011772000724G102_04.jpg?v=1645459631",123,0.00,"Women > Abbigliamento > Gonne|Skirts",Women,"Mantero 1902",8300924117139,0,"out of stock",L,"",0,"","","","",""
42598670893279,7588700782815,011762000723G102,"Vittoria - Gonna in seta",}},https://www.mantero.com/products/gonna-in-seta-vittoria-grand-tour-azzurro?variant=42598670893279&om=8096,480.00,"https://cdn.shopify.com/s/files/1/0600/6692/2719/products/011762000723G102_01.jpg?v=1645459632, https://cdn.shopify.com/s/files/1/0600/6692/2719/products/011762000723G102_02.jpg?v=1645459632, https://cdn.shopify.com/s/files/1/0600/6692/2719/products/011762000723G102_03.jpg?v=1645459632, https://cdn.shopify.com/s/files/1/0600/6692/2719/products/011762000723G102_04.jpg?v=1645459632",123,0.00,"Women > Abbigliamento > Gonne|Skirts",Women,"Mantero 1902",8300924117061,1,"in stock",S,"",0,"","","","",""
42598670926047,7588700782815,011762000723G103,"Vittoria - Gonna in seta",}},https://www.mantero.com/products/gonna-in-seta-vittoria-grand-tour-azzurro?variant=42598670926047&om=8096,480.00,"https://cdn.shopify.com/s/files/1/0600/6692/2719/products/011762000723G102_01.jpg?v=1645459632, https://cdn.shopify.com/s/files/1/0600/6692/2719/products/011762000723G102_02.jpg?v=1645459632, https://cdn.shopify.com/s/files/1/0600/6692/2719/products/011762000723G102_03.jpg?v=1645459632, https://cdn.shopify.com/s/files/1/0600/6692/2719/products/011762000723G102_04.jpg?v=1645459632",123,0.00,"Women > Abbigliamento > Gonne|Skirts",Women,"Mantero 1902",8300924117078,2,"in stock",M,"",0,"","","","",""
42598670958815,7588700782815,011762000723G104,"Vittoria - Gonna in seta",}},https://www.mantero.com/products/gonna-in-seta-vittoria-grand-tour-azzurro?variant=42598670958815&om=8096,480.00,"https://cdn.shopify.com/s/files/1/0600/6692/2719/products/011762000723G102_01.jpg?v=1645459632, https://cdn.shopify.com/s/files/1/0600/6692/2719/products/011762000723G102_02.jpg?v=1645459632, https://cdn.shopify.com/s/files/1/0600/6692/2719/products/011762000723G102_03.jpg?v=1645459632, https://cdn.shopify.com/s/files/1/0600/6692/2719/products/011762000723G102_04.jpg?v=1645459632",123,0.00,"Women > Abbigliamento > Gonne|Skirts",Women,"Mantero 1902",8300924117085,0,"out of stock",L,"",0,"","","","",""
42598671286495,7588700913887,011772000726G102,"Vittoria - Gonna in seta",}},https://www.mantero.com/products/gonna-in-seta-vittoria-explosion-giallo?variant=42598671286495&om=8096,480.00,"https://cdn.shopify.com/s/files/1/0600/6692/2719/products/011772000726G102_01.jpg?v=1646674736, https://cdn.shopify.com/s/files/1/0600/6692/2719/products/011772000726G102_02.jpg?v=1646674737, https://cdn.shopify.com/s/files/1/0600/6692/2719/products/011772000726G102_03.jpg?v=1646674737, https://cdn.shopify.com/s/files/1/0600/6692/2719/products/011772000726G102_04.jpg?v=1646674737",123,0.00,"Women > Abbigliamento > Gonne|Skirts",Women,"Mantero 1902",8300924117214,1,"in stock",S,"",0,"","","","",""
42598671319263,7588700913887,011772000726G103,"Vittoria - Gonna in seta",}},https://www.mantero.com/products/gonna-in-seta-vittoria-explosion-giallo?variant=42598671319263&om=8096,480.00,"https://cdn.shopify.com/s/files/1/0600/6692/2719/products/011772000726G102_01.jpg?v=1646674736, https://cdn.shopify.com/s/files/1/0600/6692/2719/products/011772000726G102_02.jpg?v=1646674737, https://cdn.shopify.com/s/files/1/0600/6692/2719/products/011772000726G102_03.jpg?v=1646674737, https://cdn.shopify.com/s/files/1/0600/6692/2719/products/011772000726G102_04.jpg?v=1646674737",123,0.00,"Women > Abbigliamento > Gonne|Skirts",Women,"Mantero 1902",8300924117221,1,"in stock",M,"",0,"","","","",""
42598671384799,7588700913887,011772000726G104,"Vittoria - Gonna in seta",}},https://www.mantero.com/products/gonna-in-seta-vittoria-explosion-giallo?variant=42598671384799&om=8096,480.00,"https://cdn.shopify.com/s/files/1/0600/6692/2719/products/011772000726G102_01.jpg?v=1646674736, https://cdn.shopify.com/s/files/1/0600/6692/2719/products/011772000726G102_02.jpg?v=1646674737, https://cdn.shopify.com/s/files/1/0600/6692/2719/products/011772000726G102_03.jpg?v=1646674737, https://cdn.shopify.com/s/files/1/0600/6692/2719/products/011772000726G102_04.jpg?v=1646674737",123,0.00,"Women > Abbigliamento > Gonne|Skirts",Women,"Mantero 1902",8300924117238,0,"out of stock",L,"",0,"","","","",""
42598672138463,7588701470943,01189239017293,"Everybody - Borsa mini clutch",}},https://www.mantero.com/products/borsa-mini-clutch-everybody-from-the-window-nero?variant=42598672138463&om=8096,490.00,"https://cdn.shopify.com/s/files/1/0600/6692/2719/products/01189239017293_01.jpg?v=1645459638, https://cdn.shopify.com/s/files/1/0600/6692/2719/products/01189239017293_02.jpg?v=1645459638, https://cdn.shopify.com/s/files/1/0600/6692/2719/products/01189239017293_03.jpg?v=1645459638, https://cdn.shopify.com/s/files/1/0600/6692/2719/products/01189239017293_04.jpg?v=1645459638",123,0.00,"Women > Borse > Pochette e Clutch|Pochette and Clutch",Women,"Mantero 1902",8300924117740,2,"in stock","Default Title","",0,"","","","",""
42598672203999,7588701536479,01189239017292,"Everybody - Borsa mini clutch",}},https://www.mantero.com/products/borsa-mini-clutch-everybody-british-charm-blu?variant=42598672203999&om=8096,490.00,"https://cdn.shopify.com/s/files/1/0600/6692/2719/products/01189239017292_04.jpg?v=1645459639, https://cdn.shopify.com/s/files/1/0600/6692/2719/products/01189239017292_02.jpg?v=1645459639, https://cdn.shopify.com/s/files/1/0600/6692/2719/products/01189239017292_03.jpg?v=1645459639, https://cdn.shopify.com/s/files/1/0600/6692/2719/products/01189239017292_01.jpg?v=1645459639",123,0.00,"Women > Borse > Pochette e Clutch|Pochette and Clutch",Women,"Mantero 1902",8300924117733,2,"in stock","Default Title","",0,"","","","",""
42598672597215,7588701733087,01189239017294,"Everybody - Borsa mini clutch",}},https://www.mantero.com/products/borsa-mini-clutch-everybody-explosion-verde?variant=42598672597215&om=8096,490.00,"https://cdn.shopify.com/s/files/1/0600/6692/2719/products/01189239017294_04.jpg?v=1645459640, https://cdn.shopify.com/s/files/1/0600/6692/2719/products/01189239017294_02.jpg?v=1645459640, https://cdn.shopify.com/s/files/1/0600/6692/2719/products/01189239017294_03.jpg?v=1645459640, https://cdn.shopify.com/s/files/1/0600/6692/2719/products/01189239017294_01.jpg?v=1645459640",123,0.00,"Women > Borse > Pochette e Clutch|Pochette and Clutch",Women,"Mantero 1902",8300924117757,2,"in stock","Default Title","",0,"","","","",""
42598673121503,7588701929695,01189239017291,"Everybody - Borsa mini clutch",}},https://www.mantero.com/products/borsa-mini-clutch-everybody-grand-tour-azzurro?variant=42598673121503&om=8096,490.00,"https://cdn.shopify.com/s/files/1/0600/6692/2719/products/01189239017291_04.jpg?v=1645459641, https://cdn.shopify.com/s/files/1/0600/6692/2719/products/01189239017291_02.jpg?v=1645459641, https://cdn.shopify.com/s/files/1/0600/6692/2719/products/01189239017291_03.jpg?v=1645459641, https://cdn.shopify.com/s/files/1/0600/6692/2719/products/01189239017291_01.jpg?v=1645459641",123,0.00,"Women > Borse > Pochette e Clutch|Pochette and Clutch",Women,"Mantero 1902",8300924117726,2,"in stock","Default Title","",0,"","","","",""
42598677381343,7588702617823,0118220085725J102,"Bonnie - Tuta in cotone",}},https://www.mantero.com/products/tuta-in-cotone-bonnie-from-the-window-blu?variant=42598677381343&om=8096,570.00,"https://cdn.shopify.com/s/files/1/0600/6692/2719/products/0118220085725J102_01.jpg?v=1645459648, https://cdn.shopify.com/s/files/1/0600/6692/2719/products/0118220085725J102_02.jpg?v=1645459648, https://cdn.shopify.com/s/files/1/0600/6692/2719/products/0118220085725J102_03.jpg?v=1645459648, https://cdn.shopify.com/s/files/1/0600/6692/2719/products/0118220085725J102_04.jpg?v=1645459648",123,0.00,"Women > Abbigliamento > Abiti e Tute|Dresses and Suits",Women,"Mantero 1902",8300924114541,1,"in stock",S,"",0,"","","","",""
42598677414111,7588702617823,0118220085725J103,"Bonnie - Tuta in cotone",}},https://www.mantero.com/products/tuta-in-cotone-bonnie-from-the-window-blu?variant=42598677414111&om=8096,570.00,"https://cdn.shopify.com/s/files/1/0600/6692/2719/products/0118220085725J102_01.jpg?v=1645459648, https://cdn.shopify.com/s/files/1/0600/6692/2719/products/0118220085725J102_02.jpg?v=1645459648, https://cdn.shopify.com/s/files/1/0600/6692/2719/products/0118220085725J102_03.jpg?v=1645459648, https://cdn.shopify.com/s/files/1/0600/6692/2719/products/0118220085725J102_04.jpg?v=1645459648",123,0.00,"Women > Abbigliamento > Abiti e Tute|Dresses and Suits",Women,"Mantero 1902",8300924114558,1,"in stock",M,"",0,"","","","",""
42598677479647,7588702716127,0118220085723J102,"Bonnie - Tuta in cotone",}},https://www.mantero.com/products/tuta-in-cotone-bonnie-grand-tour-bordeaux?variant=42598677479647&om=8096,570.00,"https://cdn.shopify.com/s/files/1/0600/6692/2719/products/0118220085723J102_01.jpg?v=1645459649, https://cdn.shopify.com/s/files/1/0600/6692/2719/products/0118220085723J102_02.jpg?v=1645459649, https://cdn.shopify.com/s/files/1/0600/6692/2719/products/0118220085723J102_03.jpg?v=1645459649, https://cdn.shopify.com/s/files/1/0600/6692/2719/products/0118220085723J102_04.jpg?v=1645459649, https://cdn.shopify.com/s/files/1/0600/6692/2719/products/0118220085723J102_05.jpg?v=1645459649",123,0.00,"Women > Abbigliamento > Abiti e Tute|Dresses and Suits",Women,"Mantero 1902",8300924114442,1,"in stock",S,"",0,"","","","",""
42598677512415,7588702716127,0118220085723J103,"Bonnie - Tuta in cotone",}},https://www.mantero.com/products/tuta-in-cotone-bonnie-grand-tour-bordeaux?variant=42598677512415&om=8096,570.00,"https://cdn.shopify.com/s/files/1/0600/6692/2719/products/0118220085723J102_01.jpg?v=1645459649, https://cdn.shopify.com/s/files/1/0600/6692/2719/products/0118220085723J102_02.jpg?v=1645459649, https://cdn.shopify.com/s/files/1/0600/6692/2719/products/0118220085723J102_03.jpg?v=1645459649, https://cdn.shopify.com/s/files/1/0600/6692/2719/products/0118220085723J102_04.jpg?v=1645459649, https://cdn.shopify.com/s/files/1/0600/6692/2719/products/0118220085723J102_05.jpg?v=1645459649",123,0.00,"Women > Abbigliamento > Abiti e Tute|Dresses and Suits",Women,"Mantero 1902",8300924114459,0,"out of stock",M,"",0,"","","","",""
42598677545183,7588702716127,0118220085723J104,"Bonnie - Tuta in cotone",}},https://www.mantero.com/products/tuta-in-cotone-bonnie-grand-tour-bordeaux?variant=42598677545183&om=8096,570.00,"https://cdn.shopify.com/s/files/1/0600/6692/2719/products/0118220085723J102_01.jpg?v=1645459649, https://cdn.shopify.com/s/files/1/0600/6692/2719/products/0118220085723J102_02.jpg?v=1645459649, https://cdn.shopify.com/s/files/1/0600/6692/2719/products/0118220085723J102_03.jpg?v=1645459649, https://cdn.shopify.com/s/files/1/0600/6692/2719/products/0118220085723J102_04.jpg?v=1645459649, https://cdn.shopify.com/s/files/1/0600/6692/2719/products/0118220085723J102_05.jpg?v=1645459649",123,0.00,"Women > Abbigliamento > Abiti e Tute|Dresses and Suits",Women,"Mantero 1902",8300924114466,0,"out of stock",L,"",0,"","","","",""
42598677709023,7588702879967,01200239017314,"Together - Tracolla in seta",}},https://www.mantero.com/products/tracolla-in-seta-together-british-charm-blu?variant=42598677709023&om=8096,100.00,"https://cdn.shopify.com/s/files/1/0600/6692/2719/products/01200239017314_01.jpg?v=1645459651, https://cdn.shopify.com/s/files/1/0600/6692/2719/products/01200239017314_02.jpg?v=1645459651",123,0.00,"Women > Borse > Altri Accessori|Other Accessories",Women,"Mantero 1902",8300924123215,2,"in stock","Default Title","",11,"","","","",""
42598677741791,7588702912735,01200239017313,"Together - Tracolla in seta",}},https://www.mantero.com/products/tracolla-in-seta-together-crossing-blu?variant=42598677741791&om=8096,100.00,"https://cdn.shopify.com/s/files/1/0600/6692/2719/products/01200239017313_01.jpg?v=1645459652, https://cdn.shopify.com/s/files/1/0600/6692/2719/products/01200239017313_02.jpg?v=1645459652",123,0.00,"Women > Borse > Altri Accessori|Other Accessories",Women,"Mantero 1902",8300924123208,2,"in stock","Default Title","",11,"","","","",""
42598678036703,7588703043807,01200239017318,"Together - Tracolla in seta",}},https://www.mantero.com/products/tracolla-in-seta-together-esher-arancio?variant=42598678036703&om=8096,100.00,"https://cdn.shopify.com/s/files/1/0600/6692/2719/products/01200239017318_01.jpg?v=1645459652, https://cdn.shopify.com/s/files/1/0600/6692/2719/products/01200239017318_02.jpg?v=1645459652",123,0.00,"Women > Borse > Altri Accessori|Other Accessories",Women,"Mantero 1902",8300924123253,2,"in stock","Default Title","",11,"","","","",""
42598678266079,7588703174879,01200239017317,"Together - Tracolla in seta",}},https://www.mantero.com/products/tracolla-in-seta-together-esher-verde?variant=42598678266079&om=8096,100.00,"https://cdn.shopify.com/s/files/1/0600/6692/2719/products/01200239017317_01.jpg?v=1645459653, https://cdn.shopify.com/s/files/1/0600/6692/2719/products/01200239017317_02.jpg?v=1645459653",123,0.00,"Women > Borse > Altri Accessori|Other Accessories",Women,"Mantero 1902",8300924123246,2,"in stock","Default Title","",11,"","","","",""
42598678626527,7588703305951,01200239017312,"Together - Tracolla in seta",}},https://www.mantero.com/products/tracolla-in-seta-together-grand-tour-crema?variant=42598678626527&om=8096,100.00,"https://cdn.shopify.com/s/files/1/0600/6692/2719/products/01200239017312_01.jpg?v=1645459655, https://cdn.shopify.com/s/files/1/0600/6692/2719/products/01200239017312_02.jpg?v=1645459655",123,0.00,"Women > Borse > Altri Accessori|Other Accessories",Women,"Mantero 1902",8300924123192,2,"in stock","Default Title","",11,"","","","",""
42598679216351,7588703535327,01200239017315,"Together - Tracolla in seta",}},https://www.mantero.com/products/tracolla-in-seta-together-crossing-nero?variant=42598679216351&om=8096,100.00,"https://cdn.shopify.com/s/files/1/0600/6692/2719/products/01200239017315_01.jpg?v=1645459656, https://cdn.shopify.com/s/files/1/0600/6692/2719/products/01200239017315_02.jpg?v=1645459656",123,0.00,"Women > Borse > Altri Accessori|Other Accessories",Women,"Mantero 1902",8300924123222,2,"in stock","Default Title","",11,"","","","",""
42598679281887,7588703600863,01200239017316,"Together - Tracolla in seta",}},https://www.mantero.com/products/tracolla-in-seta-together-explosion-verde?variant=42598679281887&om=8096,100.00,"https://cdn.shopify.com/s/files/1/0600/6692/2719/products/01200239017316_01.jpg?v=1645459657, https://cdn.shopify.com/s/files/1/0600/6692/2719/products/01200239017316_02.jpg?v=1645459657",123,0.00,"Women > Borse > Altri Accessori|Other Accessories",Women,"Mantero 1902",8300924123239,1,"in stock","Default Title","",11,"","","","",""
42598680199391,7588703764703,01200239017311,"Together - Tracolla in seta",}},https://www.mantero.com/products/tracolla-in-seta-together-grand-tour-bordeaux?variant=42598680199391&om=8096,100.00,"https://cdn.shopify.com/s/files/1/0600/6692/2719/products/01200239017311_01.jpg?v=1645459658, https://cdn.shopify.com/s/files/1/0600/6692/2719/products/01200239017311_02.jpg?v=1645459658",123,0.00,"Women > Borse > Altri Accessori|Other Accessories",Women,"Mantero 1902",8300924123185,2,"in stock","Default Title","",11,"","","","",""
42598685769951,7588704780511,01190239017304,"Globe Trotter - Borsa shopping",}},https://www.mantero.com/products/borsa-shopping-globe-trotter-explosion-giallo?variant=42598685769951&om=8096,490.00,"https://cdn.shopify.com/s/files/1/0600/6692/2719/products/01190239017304_01.jpg?v=1645459666, https://cdn.shopify.com/s/files/1/0600/6692/2719/products/01190239017304_02.jpg?v=1645459666, https://cdn.shopify.com/s/files/1/0600/6692/2719/products/01190239017304_03.jpg?v=1645459666, https://cdn.shopify.com/s/files/1/0600/6692/2719/products/01190239017304_04.jpg?v=1645459666",123,0.00,"Women > Borse > Borse shopping|Shopping bags",Women,"Mantero 1902",8300924121662,2,"in stock","Default Title","",0,"","","","",""
42598686884063,7588704944351,01191239017301,"Globe Trotter - Borsa shopping",}},https://www.mantero.com/products/borsa-shopping-globe-trotter-esher-arancio?variant=42598686884063&om=8096,490.00,"https://cdn.shopify.com/s/files/1/0600/6692/2719/products/01191239017301_01.jpg?v=1645459667, https://cdn.shopify.com/s/files/1/0600/6692/2719/products/01191239017301_02.jpg?v=1645459667, https://cdn.shopify.com/s/files/1/0600/6692/2719/products/01191239017301_03.jpg?v=1645459667, https://cdn.shopify.com/s/files/1/0600/6692/2719/products/01191239017301_04.jpg?v=1645459667",123,0.00,"Women > Borse > Borse shopping|Shopping bags",Women,"Mantero 1902",8300924121679,2,"in stock","Default Title","",0,"","","","",""
42598687015135,7588705009887,01190239017303,"Globe Trotter - Borsa shopping",}},https://www.mantero.com/products/borsa-shopping-globe-trotter-from-the-window-blu?variant=42598687015135&om=8096,490.00,"https://cdn.shopify.com/s/files/1/0600/6692/2719/products/01190239017303_01.jpg?v=1645459668, https://cdn.shopify.com/s/files/1/0600/6692/2719/products/01190239017303_02.jpg?v=1645459668, https://cdn.shopify.com/s/files/1/0600/6692/2719/products/01190239017303_03.jpg?v=1645459668, https://cdn.shopify.com/s/files/1/0600/6692/2719/products/01190239017303_04.jpg?v=1645459668",123,0.00,"Women > Borse > Borse shopping|Shopping bags",Women,"Mantero 1902",8300924121655,2,"in stock","Default Title","",0,"","","","",""
42598687572191,7588705075423,01190239017302,"Globe Trotter - Borsa shopping",}},https://www.mantero.com/products/borsa-shopping-globe-trotter-grand-tour-azzurro?variant=42598687572191&om=8096,490.00,"https://cdn.shopify.com/s/files/1/0600/6692/2719/products/01190239017302_01.jpg?v=1645459669, https://cdn.shopify.com/s/files/1/0600/6692/2719/products/01190239017302_02.jpg?v=1645459669, https://cdn.shopify.com/s/files/1/0600/6692/2719/products/01190239017302_03.jpg?v=1645459669, https://cdn.shopify.com/s/files/1/0600/6692/2719/products/01190239017302_04.jpg?v=1645459669",123,0.00,"Women > Borse > Borse shopping|Shopping bags",Women,"Mantero 1902",8300924121648,2,"in stock","Default Title","",0,"","","","",""
42598689800415,7588706222303,011802000725K102,"Ella - Abito lungo in seta",}},https://www.mantero.com/products/abito-lungo-in-seta-ella-explosion-nero?variant=42598689800415&om=8096,780.00,"https://cdn.shopify.com/s/files/1/0600/6692/2719/products/011802000725K102_01.jpg?v=1647426555, https://cdn.shopify.com/s/files/1/0600/6692/2719/products/011802000725K102_02.jpg?v=1647426555, https://cdn.shopify.com/s/files/1/0600/6692/2719/products/011802000725K102_03bis.jpg?v=1647426560, https://cdn.shopify.com/s/files/1/0600/6692/2719/products/011802000725K102_03.jpg?v=1647426560, https://cdn.shopify.com/s/files/1/0600/6692/2719/products/011802000725K102_04.jpg?v=1647426556",123,0.00,"Women > Abbigliamento > Abiti e Tute|Dresses and Suits",Women,"Mantero 1902",8300924117269,1,"in stock",S,"",0,"","","","",""
42598689833183,7588706222303,011802000725K103,"Ella - Abito lungo in seta",}},https://www.mantero.com/products/abito-lungo-in-seta-ella-explosion-nero?variant=42598689833183&om=8096,780.00,"https://cdn.shopify.com/s/files/1/0600/6692/2719/products/011802000725K102_01.jpg?v=1647426555, https://cdn.shopify.com/s/files/1/0600/6692/2719/products/011802000725K102_02.jpg?v=1647426555, https://cdn.shopify.com/s/files/1/0600/6692/2719/products/011802000725K102_03bis.jpg?v=1647426560, https://cdn.shopify.com/s/files/1/0600/6692/2719/products/011802000725K102_03.jpg?v=1647426560, https://cdn.shopify.com/s/files/1/0600/6692/2719/products/011802000725K102_04.jpg?v=1647426556",123,0.00,"Women > Abbigliamento > Abiti e Tute|Dresses and Suits",Women,"Mantero 1902",8300924117276,1,"in stock",M,"",0,"","","","",""
42598689865951,7588706222303,011802000725K104,"Ella - Abito lungo in seta",}},https://www.mantero.com/products/abito-lungo-in-seta-ella-explosion-nero?variant=42598689865951&om=8096,780.00,"https://cdn.shopify.com/s/files/1/0600/6692/2719/products/011802000725K102_01.jpg?v=1647426555, https://cdn.shopify.com/s/files/1/0600/6692/2719/products/011802000725K102_02.jpg?v=1647426555, https://cdn.shopify.com/s/files/1/0600/6692/2719/products/011802000725K102_03bis.jpg?v=1647426560, https://cdn.shopify.com/s/files/1/0600/6692/2719/products/011802000725K102_03.jpg?v=1647426560, https://cdn.shopify.com/s/files/1/0600/6692/2719/products/011802000725K102_04.jpg?v=1647426556",123,0.00,"Women > Abbigliamento > Abiti e Tute|Dresses and Suits",Women,"Mantero 1902",8300924117283,0,"out of stock",L,"",0,"","","","",""
42598690029791,7588706353375,011812000726K102,"Ella - Abito lungo in seta",}},https://www.mantero.com/products/abito-lungo-in-seta-ella-esher-arancio?variant=42598690029791&om=8096,780.00,"https://cdn.shopify.com/s/files/1/0600/6692/2719/products/011812000726K102_01.jpg?v=1647426797, https://cdn.shopify.com/s/files/1/0600/6692/2719/products/011812000726K102_02-Copia.jpg?v=1647426797, https://cdn.shopify.com/s/files/1/0600/6692/2719/products/011812000726K102_03-Copia.jpg?v=1647426797, https://cdn.shopify.com/s/files/1/0600/6692/2719/products/011812000726K102_04-Copia.jpg?v=1647426797",123,0.00,"Women > Abbigliamento > Abiti e Tute|Dresses and Suits",Women,"Mantero 1902",8300924117412,1,"in stock",S,"",0,"","","","",""
42598690062559,7588706353375,011812000726K103,"Ella - Abito lungo in seta",}},https://www.mantero.com/products/abito-lungo-in-seta-ella-esher-arancio?variant=42598690062559&om=8096,780.00,"https://cdn.shopify.com/s/files/1/0600/6692/2719/products/011812000726K102_01.jpg?v=1647426797, https://cdn.shopify.com/s/files/1/0600/6692/2719/products/011812000726K102_02-Copia.jpg?v=1647426797, https://cdn.shopify.com/s/files/1/0600/6692/2719/products/011812000726K102_03-Copia.jpg?v=1647426797, https://cdn.shopify.com/s/files/1/0600/6692/2719/products/011812000726K102_04-Copia.jpg?v=1647426797",123,0.00,"Women > Abbigliamento > Abiti e Tute|Dresses and Suits",Women,"Mantero 1902",8300924117429,1,"in stock",M,"",0,"","","","",""
42598690095327,7588706353375,011812000726K104,"Ella - Abito lungo in seta",}},https://www.mantero.com/products/abito-lungo-in-seta-ella-esher-arancio?variant=42598690095327&om=8096,780.00,"https://cdn.shopify.com/s/files/1/0600/6692/2719/products/011812000726K102_01.jpg?v=1647426797, https://cdn.shopify.com/s/files/1/0600/6692/2719/products/011812000726K102_02-Copia.jpg?v=1647426797, https://cdn.shopify.com/s/files/1/0600/6692/2719/products/011812000726K102_03-Copia.jpg?v=1647426797, https://cdn.shopify.com/s/files/1/0600/6692/2719/products/011812000726K102_04-Copia.jpg?v=1647426797",123,0.00,"Women > Abbigliamento > Abiti e Tute|Dresses and Suits",Women,"Mantero 1902",8300924117436,1,"in stock",L,"",0,"","","","",""
42598690390239,7588706517215,011812000724K102,"Ella - Abito lungo in seta",}},https://www.mantero.com/products/abito-lungo-in-seta-ella-from-the-window-blu?variant=42598690390239&om=8096,780.00,"https://cdn.shopify.com/s/files/1/0600/6692/2719/products/011812000724K102_01.jpg?v=1645459678, https://cdn.shopify.com/s/files/1/0600/6692/2719/products/011812000724K102_02.jpg?v=1645459678, https://cdn.shopify.com/s/files/1/0600/6692/2719/products/011812000724K102_03.jpg?v=1645459678, https://cdn.shopify.com/s/files/1/0600/6692/2719/products/011812000724K102_04.jpg?v=1645459678",123,0.00,"Women > Abbigliamento > Abiti e Tute|Dresses and Suits",Women,"Mantero 1902",8300924117368,1,"in stock",S,"",0,"","","","",""
42598690423007,7588706517215,011812000724K103,"Ella - Abito lungo in seta",}},https://www.mantero.com/products/abito-lungo-in-seta-ella-from-the-window-blu?variant=42598690423007&om=8096,780.00,"https://cdn.shopify.com/s/files/1/0600/6692/2719/products/011812000724K102_01.jpg?v=1645459678, https://cdn.shopify.com/s/files/1/0600/6692/2719/products/011812000724K102_02.jpg?v=1645459678, https://cdn.shopify.com/s/files/1/0600/6692/2719/products/011812000724K102_03.jpg?v=1645459678, https://cdn.shopify.com/s/files/1/0600/6692/2719/products/011812000724K102_04.jpg?v=1645459678",123,0.00,"Women > Abbigliamento > Abiti e Tute|Dresses and Suits",Women,"Mantero 1902",8300924117375,1,"in stock",M,"",0,"","","","",""
42598690488543,7588706517215,011812000724K104,"Ella - Abito lungo in seta",}},https://www.mantero.com/products/abito-lungo-in-seta-ella-from-the-window-blu?variant=42598690488543&om=8096,780.00,"https://cdn.shopify.com/s/files/1/0600/6692/2719/products/011812000724K102_01.jpg?v=1645459678, https://cdn.shopify.com/s/files/1/0600/6692/2719/products/011812000724K102_02.jpg?v=1645459678, https://cdn.shopify.com/s/files/1/0600/6692/2719/products/011812000724K102_03.jpg?v=1645459678, https://cdn.shopify.com/s/files/1/0600/6692/2719/products/011812000724K102_04.jpg?v=1645459678",123,0.00,"Women > Abbigliamento > Abiti e Tute|Dresses and Suits",Women,"Mantero 1902",8300924117382,1,"in stock",L,"",0,"","","","",""
42598691111135,7588706681055,011812000723K102,"Ella - Abito lungo in seta",}},https://www.mantero.com/products/abito-lungo-in-seta-ella-grand-tour-bordeaux?variant=42598691111135&om=8096,780.00,"https://cdn.shopify.com/s/files/1/0600/6692/2719/products/011812000723K102_01.jpg?v=1645459680, https://cdn.shopify.com/s/files/1/0600/6692/2719/products/011812000723K102_02.jpg?v=1645459680, https://cdn.shopify.com/s/files/1/0600/6692/2719/products/011812000723K102_03.jpg?v=1645459680, https://cdn.shopify.com/s/files/1/0600/6692/2719/products/011812000723K102_04.jpg?v=1645459680",123,0.00,"Women > Abbigliamento > Abiti e Tute|Dresses and Suits",Women,"Mantero 1902",8300924117313,1,"in stock",S,"",0,"","","","",""
42598691143903,7588706681055,011812000723K103,"Ella - Abito lungo in seta",}},https://www.mantero.com/products/abito-lungo-in-seta-ella-grand-tour-bordeaux?variant=42598691143903&om=8096,780.00,"https://cdn.shopify.com/s/files/1/0600/6692/2719/products/011812000723K102_01.jpg?v=1645459680, https://cdn.shopify.com/s/files/1/0600/6692/2719/products/011812000723K102_02.jpg?v=1645459680, https://cdn.shopify.com/s/files/1/0600/6692/2719/products/011812000723K102_03.jpg?v=1645459680, https://cdn.shopify.com/s/files/1/0600/6692/2719/products/011812000723K102_04.jpg?v=1645459680",123,0.00,"Women > Abbigliamento > Abiti e Tute|Dresses and Suits",Women,"Mantero 1902",8300924117320,0,"out of stock",M,"",0,"","","","",""
42598691209439,7588706681055,011812000723K104,"Ella - Abito lungo in seta",}},https://www.mantero.com/products/abito-lungo-in-seta-ella-grand-tour-bordeaux?variant=42598691209439&om=8096,780.00,"https://cdn.shopify.com/s/files/1/0600/6692/2719/products/011812000723K102_01.jpg?v=1645459680, https://cdn.shopify.com/s/files/1/0600/6692/2719/products/011812000723K102_02.jpg?v=1645459680, https://cdn.shopify.com/s/files/1/0600/6692/2719/products/011812000723K102_03.jpg?v=1645459680, https://cdn.shopify.com/s/files/1/0600/6692/2719/products/011812000723K102_04.jpg?v=1645459680",123,0.00,"Women > Abbigliamento > Abiti e Tute|Dresses and Suits",Women,"Mantero 1902",8300924117337,1,"in stock",L,"",0,"","","","",""
42598694748383,7588706844895,011852770724T102,"Michelle - Camicia in seta",}},https://www.mantero.com/products/camicia-in-seta-michelle-british-charm-blu?variant=42598694748383&om=8096,385.00,"https://cdn.shopify.com/s/files/1/0600/6692/2719/products/011852770724T102_01.jpg?v=1647426768, https://cdn.shopify.com/s/files/1/0600/6692/2719/products/011852770724T102_02.jpg?v=1647426769, https://cdn.shopify.com/s/files/1/0600/6692/2719/products/011852770724T102_03.jpg?v=1647426769, https://cdn.shopify.com/s/files/1/0600/6692/2719/products/011852770724T102_04.jpg?v=1647426769",123,0.00,"Women > Abbigliamento > Bluse e Camicie|Blouses and Shirts",Women,"Mantero 1902",8300924115760,1,"in stock",S,"",0,"","","","",""
42598694781151,7588706844895,011852770724T103,"Michelle - Camicia in seta",}},https://www.mantero.com/products/camicia-in-seta-michelle-british-charm-blu?variant=42598694781151&om=8096,385.00,"https://cdn.shopify.com/s/files/1/0600/6692/2719/products/011852770724T102_01.jpg?v=1647426768, https://cdn.shopify.com/s/files/1/0600/6692/2719/products/011852770724T102_02.jpg?v=1647426769, https://cdn.shopify.com/s/files/1/0600/6692/2719/products/011852770724T102_03.jpg?v=1647426769, https://cdn.shopify.com/s/files/1/0600/6692/2719/products/011852770724T102_04.jpg?v=1647426769",123,0.00,"Women > Abbigliamento > Bluse e Camicie|Blouses and Shirts",Women,"Mantero 1902",8300924116033,1,"in stock",M,"",0,"","","","",""
42598694813919,7588706844895,011852770724T104,"Michelle - Camicia in seta",}},https://www.mantero.com/products/camicia-in-seta-michelle-british-charm-blu?variant=42598694813919&om=8096,385.00,"https://cdn.shopify.com/s/files/1/0600/6692/2719/products/011852770724T102_01.jpg?v=1647426768, https://cdn.shopify.com/s/files/1/0600/6692/2719/products/011852770724T102_02.jpg?v=1647426769, https://cdn.shopify.com/s/files/1/0600/6692/2719/products/011852770724T102_03.jpg?v=1647426769, https://cdn.shopify.com/s/files/1/0600/6692/2719/products/011852770724T102_04.jpg?v=1647426769",123,0.00,"Women > Abbigliamento > Bluse e Camicie|Blouses and Shirts",Women,"Mantero 1902",8300924116040,0,"out of stock",L,"",0,"","","","",""
42598700744927,7588708942047,01157239017274,"Everytime - Borsa pochette",}},https://www.mantero.com/products/borsa-pochette-everytime-esher-verde-acido?variant=42598700744927&om=8096,580.00,"https://cdn.shopify.com/s/files/1/0600/6692/2719/products/01157239017274_01.jpg?v=1645459695, https://cdn.shopify.com/s/files/1/0600/6692/2719/products/01157239017274_02.jpg?v=1645459695, https://cdn.shopify.com/s/files/1/0600/6692/2719/products/01157239017274_03.jpg?v=1645459695, https://cdn.shopify.com/s/files/1/0600/6692/2719/products/01157239017274_04.jpg?v=1645459695",123,0.00,"Women > Borse > Pochette e Clutch|Pochette and Clutch",Women,"Mantero 1902",8300924117719,2,"in stock","Default Title","",0,"","","","",""
42598701105375,7588709040351,01157239017272,"Everytime - Borsa pochette",}},https://www.mantero.com/products/borsa-pochette-everytime-from-the-window-blu?variant=42598701105375&om=8096,580.00,"https://cdn.shopify.com/s/files/1/0600/6692/2719/products/01157239017272_01.jpg?v=1645459696, https://cdn.shopify.com/s/files/1/0600/6692/2719/products/01157239017272_02.jpg?v=1645459696, https://cdn.shopify.com/s/files/1/0600/6692/2719/products/01157239017272_03.jpg?v=1645459696, https://cdn.shopify.com/s/files/1/0600/6692/2719/products/01157239017272_04.jpg?v=1645459696",123,0.00,"Women > Borse > Pochette e Clutch|Pochette and Clutch",Women,"Mantero 1902",8300924117696,2,"in stock","Default Title","",0,"","","","",""
42598701400287,7588709171423,01157239017271,"Everytime - Borsa pochette",}},https://www.mantero.com/products/borsa-pochette-everytime-grand-tour-bordeaux?variant=42598701400287&om=8096,580.00,"https://cdn.shopify.com/s/files/1/0600/6692/2719/products/01157239017271_01.jpg?v=1645459697, https://cdn.shopify.com/s/files/1/0600/6692/2719/products/01157239017271_02.jpg?v=1645459697, https://cdn.shopify.com/s/files/1/0600/6692/2719/products/01157239017271_03.jpg?v=1645459697, https://cdn.shopify.com/s/files/1/0600/6692/2719/products/01157239017271_04.jpg?v=1645459697",123,0.00,"Women > Borse > Pochette e Clutch|Pochette and Clutch",Women,"Mantero 1902",8300924117689,2,"in stock","Default Title","",0,"","","","",""
42598701695199,7588709335263,01157239017273,"Everytime - Borsa pochette",}},https://www.mantero.com/products/borsa-pochette-everytime-explosion-nero?variant=42598701695199&om=8096,580.00,"https://cdn.shopify.com/s/files/1/0600/6692/2719/products/01157239017273_01.jpg?v=1645459698, https://cdn.shopify.com/s/files/1/0600/6692/2719/products/01157239017273_02.jpg?v=1645459698, https://cdn.shopify.com/s/files/1/0600/6692/2719/products/01157239017273_03.jpg?v=1645459698, https://cdn.shopify.com/s/files/1/0600/6692/2719/products/01157239017273_04.jpg?v=1645459698",123,0.00,"Women > Borse > Pochette e Clutch|Pochette and Clutch",Women,"Mantero 1902",8300924117702,2,"in stock","Default Title","",0,"","","","",""
42598702776543,7588709794015,011782770724I102,"Marianna - Abito corto in seta",}},https://www.mantero.com/products/abito-corto-in-seta-marianna-from-the-window-nero?variant=42598702776543&om=8096,630.00,"https://cdn.shopify.com/s/files/1/0600/6692/2719/products/011782770724I102_01.jpg?v=1647426645, https://cdn.shopify.com/s/files/1/0600/6692/2719/products/011782770724I102_02.jpg?v=1647426645, https://cdn.shopify.com/s/files/1/0600/6692/2719/products/011782770724I102_03.jpg?v=1647426645, https://cdn.shopify.com/s/files/1/0600/6692/2719/products/011782770724I102_04.jpg?v=1647426645",123,0.00,"Women > Abbigliamento > Abiti e Tute|Dresses and Suits",Women,"Mantero 1902",8300924115852,1,"in stock",S,"",0,"","","","",""
42598702809311,7588709794015,011782770724I103,"Marianna - Abito corto in seta",}},https://www.mantero.com/products/abito-corto-in-seta-marianna-from-the-window-nero?variant=42598702809311&om=8096,630.00,"https://cdn.shopify.com/s/files/1/0600/6692/2719/products/011782770724I102_01.jpg?v=1647426645, https://cdn.shopify.com/s/files/1/0600/6692/2719/products/011782770724I102_02.jpg?v=1647426645, https://cdn.shopify.com/s/files/1/0600/6692/2719/products/011782770724I102_03.jpg?v=1647426645, https://cdn.shopify.com/s/files/1/0600/6692/2719/products/011782770724I102_04.jpg?v=1647426645",123,0.00,"Women > Abbigliamento > Abiti e Tute|Dresses and Suits",Women,"Mantero 1902",8300924115869,1,"in stock",M,"",0,"","","","",""
42598702842079,7588709794015,011782770724I104,"Marianna - Abito corto in seta",}},https://www.mantero.com/products/abito-corto-in-seta-marianna-from-the-window-nero?variant=42598702842079&om=8096,630.00,"https://cdn.shopify.com/s/files/1/0600/6692/2719/products/011782770724I102_01.jpg?v=1647426645, https://cdn.shopify.com/s/files/1/0600/6692/2719/products/011782770724I102_02.jpg?v=1647426645, https://cdn.shopify.com/s/files/1/0600/6692/2719/products/011782770724I102_03.jpg?v=1647426645, https://cdn.shopify.com/s/files/1/0600/6692/2719/products/011782770724I102_04.jpg?v=1647426645",123,0.00,"Women > Abbigliamento > Abiti e Tute|Dresses and Suits",Women,"Mantero 1902",8300924115876,1,"in stock",L,"",0,"","","","",""
42598703005919,7588709925087,011792770726I102,"Marianna - Abito corto in seta",}},https://www.mantero.com/products/abito-corto-in-seta-marianna-wisteria-lane-nero?variant=42598703005919&om=8096,630.00,"https://cdn.shopify.com/s/files/1/0600/6692/2719/products/011792770726I102_01.jpg?v=1645459704, https://cdn.shopify.com/s/files/1/0600/6692/2719/products/011792770726I102_02.jpg?v=1645459704, https://cdn.shopify.com/s/files/1/0600/6692/2719/products/011792770726I102_03.jpg?v=1645459704, https://cdn.shopify.com/s/files/1/0600/6692/2719/products/011792770726I102_04.jpg?v=1645459704",123,0.00,"Women > Abbigliamento > Abiti e Tute|Dresses and Suits",Women,"Mantero 1902",8300924121600,0,"out of stock",S,"",0,"","","","",""
42598703038687,7588709925087,011792770726I103,"Marianna - Abito corto in seta",}},https://www.mantero.com/products/abito-corto-in-seta-marianna-wisteria-lane-nero?variant=42598703038687&om=8096,630.00,"https://cdn.shopify.com/s/files/1/0600/6692/2719/products/011792770726I102_01.jpg?v=1645459704, https://cdn.shopify.com/s/files/1/0600/6692/2719/products/011792770726I102_02.jpg?v=1645459704, https://cdn.shopify.com/s/files/1/0600/6692/2719/products/011792770726I102_03.jpg?v=1645459704, https://cdn.shopify.com/s/files/1/0600/6692/2719/products/011792770726I102_04.jpg?v=1645459704",123,0.00,"Women > Abbigliamento > Abiti e Tute|Dresses and Suits",Women,"Mantero 1902",8300924121617,1,"in stock",M,"",0,"","","","",""
42598703071455,7588709925087,011792770726I104,"Marianna - Abito corto in seta",}},https://www.mantero.com/products/abito-corto-in-seta-marianna-wisteria-lane-nero?variant=42598703071455&om=8096,630.00,"https://cdn.shopify.com/s/files/1/0600/6692/2719/products/011792770726I102_01.jpg?v=1645459704, https://cdn.shopify.com/s/files/1/0600/6692/2719/products/011792770726I102_02.jpg?v=1645459704, https://cdn.shopify.com/s/files/1/0600/6692/2719/products/011792770726I102_03.jpg?v=1645459704, https://cdn.shopify.com/s/files/1/0600/6692/2719/products/011792770726I102_04.jpg?v=1645459704",123,0.00,"Women > Abbigliamento > Abiti e Tute|Dresses and Suits",Women,"Mantero 1902",8300924121624,1,"in stock",L,"",0,"","","","",""
42598703366367,7588710154463,011792770725I102,"Marianna - Abito corto in seta",}},https://www.mantero.com/products/abito-corto-in-seta-marianna-explosion-verde?variant=42598703366367&om=8096,630.00,"https://cdn.shopify.com/s/files/1/0600/6692/2719/products/011792770725I102_01.jpg?v=1647426631, https://cdn.shopify.com/s/files/1/0600/6692/2719/products/011792770725I102_02.jpg?v=1647426631, https://cdn.shopify.com/s/files/1/0600/6692/2719/products/011792770725I102_03.jpg?v=1647426631, https://cdn.shopify.com/s/files/1/0600/6692/2719/products/011792770725I102_04.jpg?v=1647426631",123,0.00,"Women > Abbigliamento > Abiti e Tute|Dresses and Suits",Women,"Mantero 1902",8300924115906,1,"in stock",S,"",0,"","","","",""
42598703399135,7588710154463,011792770725I103,"Marianna - Abito corto in seta",}},https://www.mantero.com/products/abito-corto-in-seta-marianna-explosion-verde?variant=42598703399135&om=8096,630.00,"https://cdn.shopify.com/s/files/1/0600/6692/2719/products/011792770725I102_01.jpg?v=1647426631, https://cdn.shopify.com/s/files/1/0600/6692/2719/products/011792770725I102_02.jpg?v=1647426631, https://cdn.shopify.com/s/files/1/0600/6692/2719/products/011792770725I102_03.jpg?v=1647426631, https://cdn.shopify.com/s/files/1/0600/6692/2719/products/011792770725I102_04.jpg?v=1647426631",123,0.00,"Women > Abbigliamento > Abiti e Tute|Dresses and Suits",Women,"Mantero 1902",8300924115913,1,"in stock",M,"",0,"","","","",""
42598703464671,7588710154463,011792770725I104,"Marianna - Abito corto in seta",}},https://www.mantero.com/products/abito-corto-in-seta-marianna-explosion-verde?variant=42598703464671&om=8096,630.00,"https://cdn.shopify.com/s/files/1/0600/6692/2719/products/011792770725I102_01.jpg?v=1647426631, https://cdn.shopify.com/s/files/1/0600/6692/2719/products/011792770725I102_02.jpg?v=1647426631, https://cdn.shopify.com/s/files/1/0600/6692/2719/products/011792770725I102_03.jpg?v=1647426631, https://cdn.shopify.com/s/files/1/0600/6692/2719/products/011792770725I102_04.jpg?v=1647426631",123,0.00,"Women > Abbigliamento > Abiti e Tute|Dresses and Suits",Women,"Mantero 1902",8300924115920,1,"in stock",L,"",0,"","","","",""
42598703857887,7588710285535,011782770723I102,"Marianna - Abito corto in seta",}},https://www.mantero.com/products/abito-corto-in-seta-marianna-grand-tour-bordeaux?variant=42598703857887&om=8096,630.00,"https://cdn.shopify.com/s/files/1/0600/6692/2719/products/011782770723I102_01.jpg?v=1645459706, https://cdn.shopify.com/s/files/1/0600/6692/2719/products/011782770723I102_02.jpg?v=1645459706, https://cdn.shopify.com/s/files/1/0600/6692/2719/products/011782770723I102_03.jpg?v=1645459706, https://cdn.shopify.com/s/files/1/0600/6692/2719/products/011782770723I102_04.jpg?v=1645459706",123,0.00,"Women > Abbigliamento > Abiti e Tute|Dresses and Suits",Women,"Mantero 1902",8300924115807,1,"in stock",S,"",0,"","","","",""
42598703890655,7588710285535,011782770723I103,"Marianna - Abito corto in seta",}},https://www.mantero.com/products/abito-corto-in-seta-marianna-grand-tour-bordeaux?variant=42598703890655&om=8096,630.00,"https://cdn.shopify.com/s/files/1/0600/6692/2719/products/011782770723I102_01.jpg?v=1645459706, https://cdn.shopify.com/s/files/1/0600/6692/2719/products/011782770723I102_02.jpg?v=1645459706, https://cdn.shopify.com/s/files/1/0600/6692/2719/products/011782770723I102_03.jpg?v=1645459706, https://cdn.shopify.com/s/files/1/0600/6692/2719/products/011782770723I102_04.jpg?v=1645459706",123,0.00,"Women > Abbigliamento > Abiti e Tute|Dresses and Suits",Women,"Mantero 1902",8300924115814,2,"in stock",M,"",0,"","","","",""
42598703923423,7588710285535,011782770723I104,"Marianna - Abito corto in seta",}},https://www.mantero.com/products/abito-corto-in-seta-marianna-grand-tour-bordeaux?variant=42598703923423&om=8096,630.00,"https://cdn.shopify.com/s/files/1/0600/6692/2719/products/011782770723I102_01.jpg?v=1645459706, https://cdn.shopify.com/s/files/1/0600/6692/2719/products/011782770723I102_02.jpg?v=1645459706, https://cdn.shopify.com/s/files/1/0600/6692/2719/products/011782770723I102_03.jpg?v=1645459706, https://cdn.shopify.com/s/files/1/0600/6692/2719/products/011782770723I102_04.jpg?v=1645459706",123,0.00,"Women > Abbigliamento > Abiti e Tute|Dresses and Suits",Women,"Mantero 1902",8300924115821,1,"in stock",L,"",0,"","","","",""
42598705070303,7588710875359,011422000725C102,"Beatrice - Camicia essential in seta",}},https://www.mantero.com/products/camicia-essential-in-seta-beatrice-explosion-nero?variant=42598705070303&om=8096,385.00,"https://cdn.shopify.com/s/files/1/0600/6692/2719/products/011422000725C102_01.jpg?v=1647426435, https://cdn.shopify.com/s/files/1/0600/6692/2719/products/011422000725C102_02.jpg?v=1647426435, https://cdn.shopify.com/s/files/1/0600/6692/2719/products/011422000725C102_03b.jpg?v=1647426435, https://cdn.shopify.com/s/files/1/0600/6692/2719/products/011422000725C102_04.jpg?v=1647426435",123,0.00,"Women > Abbigliamento > Bluse e Camicie|Blouses and Shirts",Women,"Mantero 1902",8300924116958,1,"in stock",S,"",0,"","","","",""
42598705135839,7588710875359,011422000725C103,"Beatrice - Camicia essential in seta",}},https://www.mantero.com/products/camicia-essential-in-seta-beatrice-explosion-nero?variant=42598705135839&om=8096,385.00,"https://cdn.shopify.com/s/files/1/0600/6692/2719/products/011422000725C102_01.jpg?v=1647426435, https://cdn.shopify.com/s/files/1/0600/6692/2719/products/011422000725C102_02.jpg?v=1647426435, https://cdn.shopify.com/s/files/1/0600/6692/2719/products/011422000725C102_03b.jpg?v=1647426435, https://cdn.shopify.com/s/files/1/0600/6692/2719/products/011422000725C102_04.jpg?v=1647426435",123,0.00,"Women > Abbigliamento > Bluse e Camicie|Blouses and Shirts",Women,"Mantero 1902",8300924116965,1,"in stock",M,"",0,"","","","",""
42598705201375,7588710875359,011422000725C104,"Beatrice - Camicia essential in seta",}},https://www.mantero.com/products/camicia-essential-in-seta-beatrice-explosion-nero?variant=42598705201375&om=8096,385.00,"https://cdn.shopify.com/s/files/1/0600/6692/2719/products/011422000725C102_01.jpg?v=1647426435, https://cdn.shopify.com/s/files/1/0600/6692/2719/products/011422000725C102_02.jpg?v=1647426435, https://cdn.shopify.com/s/files/1/0600/6692/2719/products/011422000725C102_03b.jpg?v=1647426435, https://cdn.shopify.com/s/files/1/0600/6692/2719/products/011422000725C102_04.jpg?v=1647426435",123,0.00,"Women > Abbigliamento > Bluse e Camicie|Blouses and Shirts",Women,"Mantero 1902",8300924116972,0,"out of stock",L,"",0,"","","","",""
42598706905311,7588711039199,011432000724C102,"Beatrice - Camicia essential in seta",}},https://www.mantero.com/products/camicia-essential-in-seta-beatrice-crossing-blu?variant=42598706905311&om=8096,385.00,"https://cdn.shopify.com/s/files/1/0600/6692/2719/products/011432000724C102_01.jpg?v=1645459712, https://cdn.shopify.com/s/files/1/0600/6692/2719/products/011432000724C102_02.jpg?v=1645459712, https://cdn.shopify.com/s/files/1/0600/6692/2719/products/011432000724C102_03.jpg?v=1645459712, https://cdn.shopify.com/s/files/1/0600/6692/2719/products/011432000724C102_04.jpg?v=1645459712, https://cdn.shopify.com/s/files/1/0600/6692/2719/products/011432000724C102_05.jpg?v=1645459712",123,0.00,"Women > Abbigliamento > Bluse e Camicie|Blouses and Shirts",Women,"Mantero 1902",8300924117641,1,"in stock",S,"",0,"","","","",""
42598706970847,7588711039199,011432000724C103,"Beatrice - Camicia essential in seta",}},https://www.mantero.com/products/camicia-essential-in-seta-beatrice-crossing-blu?variant=42598706970847&om=8096,385.00,"https://cdn.shopify.com/s/files/1/0600/6692/2719/products/011432000724C102_01.jpg?v=1645459712, https://cdn.shopify.com/s/files/1/0600/6692/2719/products/011432000724C102_02.jpg?v=1645459712, https://cdn.shopify.com/s/files/1/0600/6692/2719/products/011432000724C102_03.jpg?v=1645459712, https://cdn.shopify.com/s/files/1/0600/6692/2719/products/011432000724C102_04.jpg?v=1645459712, https://cdn.shopify.com/s/files/1/0600/6692/2719/products/011432000724C102_05.jpg?v=1645459712",123,0.00,"Women > Abbigliamento > Bluse e Camicie|Blouses and Shirts",Women,"Mantero 1902",8300924131418,1,"in stock",M,"",0,"","","","",""
42598707036383,7588711039199,011432000724C104,"Beatrice - Camicia essential in seta",}},https://www.mantero.com/products/camicia-essential-in-seta-beatrice-crossing-blu?variant=42598707036383&om=8096,385.00,"https://cdn.shopify.com/s/files/1/0600/6692/2719/products/011432000724C102_01.jpg?v=1645459712, https://cdn.shopify.com/s/files/1/0600/6692/2719/products/011432000724C102_02.jpg?v=1645459712, https://cdn.shopify.com/s/files/1/0600/6692/2719/products/011432000724C102_03.jpg?v=1645459712, https://cdn.shopify.com/s/files/1/0600/6692/2719/products/011432000724C102_04.jpg?v=1645459712, https://cdn.shopify.com/s/files/1/0600/6692/2719/products/011432000724C102_05.jpg?v=1645459712",123,0.00,"Women > Abbigliamento > Bluse e Camicie|Blouses and Shirts",Women,"Mantero 1902",8300924131425,0,"out of stock",L,"",0,"","","","",""
42598709264607,7588711203039,011432000723C102,"Beatrice - Camicia essential in seta",}},https://www.mantero.com/products/camicia-essential-in-seta-beatrice-grand-tour-azzurro?variant=42598709264607&om=8096,385.00,"https://cdn.shopify.com/s/files/1/0600/6692/2719/products/011432000723C102_01.jpg?v=1645459713, https://cdn.shopify.com/s/files/1/0600/6692/2719/products/011432000723C102_02.jpg?v=1645459713, https://cdn.shopify.com/s/files/1/0600/6692/2719/products/011432000723C102_03.jpg?v=1645459713, https://cdn.shopify.com/s/files/1/0600/6692/2719/products/011432000723C102_04.jpg?v=1645459713",123,0.00,"Women > Abbigliamento > Bluse e Camicie|Blouses and Shirts",Women,"Mantero 1902",8300924117009,1,"in stock",S,"",0,"","","","",""
42598709297375,7588711203039,011432000723C103,"Beatrice - Camicia essential in seta",}},https://www.mantero.com/products/camicia-essential-in-seta-beatrice-grand-tour-azzurro?variant=42598709297375&om=8096,385.00,"https://cdn.shopify.com/s/files/1/0600/6692/2719/products/011432000723C102_01.jpg?v=1645459713, https://cdn.shopify.com/s/files/1/0600/6692/2719/products/011432000723C102_02.jpg?v=1645459713, https://cdn.shopify.com/s/files/1/0600/6692/2719/products/011432000723C102_03.jpg?v=1645459713, https://cdn.shopify.com/s/files/1/0600/6692/2719/products/011432000723C102_04.jpg?v=1645459713",123,0.00,"Women > Abbigliamento > Bluse e Camicie|Blouses and Shirts",Women,"Mantero 1902",8300924117016,2,"in stock",M,"",0,"","","","",""
42598709330143,7588711203039,011432000723C104,"Beatrice - Camicia essential in seta",}},https://www.mantero.com/products/camicia-essential-in-seta-beatrice-grand-tour-azzurro?variant=42598709330143&om=8096,385.00,"https://cdn.shopify.com/s/files/1/0600/6692/2719/products/011432000723C102_01.jpg?v=1645459713, https://cdn.shopify.com/s/files/1/0600/6692/2719/products/011432000723C102_02.jpg?v=1645459713, https://cdn.shopify.com/s/files/1/0600/6692/2719/products/011432000723C102_03.jpg?v=1645459713, https://cdn.shopify.com/s/files/1/0600/6692/2719/products/011432000723C102_04.jpg?v=1645459713",123,0.00,"Women > Abbigliamento > Bluse e Camicie|Blouses and Shirts",Women,"Mantero 1902",8300924117023,1,"in stock",L,"",0,"","","","",""
42598709592287,7588711366879,011422770726C102,"Beatrice - Camicia essential in seta",}},https://www.mantero.com/products/camicia-essential-in-seta-beatrice-wisteria-lane-fucsia?variant=42598709592287&om=8096,385.00,"https://cdn.shopify.com/s/files/1/0600/6692/2719/products/011422770726C102_01.jpg?v=1645459715, https://cdn.shopify.com/s/files/1/0600/6692/2719/products/011422770726C102_02.jpg?v=1645459715, https://cdn.shopify.com/s/files/1/0600/6692/2719/products/011422770726C102_03.jpg?v=1645459715, https://cdn.shopify.com/s/files/1/0600/6692/2719/products/011422770726C102_04.jpg?v=1645459715",123,0.00,"Women > Abbigliamento > Bluse e Camicie|Blouses and Shirts",Women,"Mantero 1902",8300924120795,1,"in stock",S,"",0,"","","","",""
42598709625055,7588711366879,011422770726C103,"Beatrice - Camicia essential in seta",}},https://www.mantero.com/products/camicia-essential-in-seta-beatrice-wisteria-lane-fucsia?variant=42598709625055&om=8096,385.00,"https://cdn.shopify.com/s/files/1/0600/6692/2719/products/011422770726C102_01.jpg?v=1645459715, https://cdn.shopify.com/s/files/1/0600/6692/2719/products/011422770726C102_02.jpg?v=1645459715, https://cdn.shopify.com/s/files/1/0600/6692/2719/products/011422770726C102_03.jpg?v=1645459715, https://cdn.shopify.com/s/files/1/0600/6692/2719/products/011422770726C102_04.jpg?v=1645459715",123,0.00,"Women > Abbigliamento > Bluse e Camicie|Blouses and Shirts",Women,"Mantero 1902",8300924120825,2,"in stock",M,"",0,"","","","",""
42598709657823,7588711366879,011422770726C104,"Beatrice - Camicia essential in seta",}},https://www.mantero.com/products/camicia-essential-in-seta-beatrice-wisteria-lane-fucsia?variant=42598709657823&om=8096,385.00,"https://cdn.shopify.com/s/files/1/0600/6692/2719/products/011422770726C102_01.jpg?v=1645459715, https://cdn.shopify.com/s/files/1/0600/6692/2719/products/011422770726C102_02.jpg?v=1645459715, https://cdn.shopify.com/s/files/1/0600/6692/2719/products/011422770726C102_03.jpg?v=1645459715, https://cdn.shopify.com/s/files/1/0600/6692/2719/products/011422770726C102_04.jpg?v=1645459715",123,0.00,"Women > Abbigliamento > Bluse e Camicie|Blouses and Shirts",Women,"Mantero 1902",8300924120832,1,"in stock",L,"",0,"","","","",""
42598710903007,7588711923935,011872811725S102,"Patti - Spolverino in seta",}},https://www.mantero.com/products/spolverino-in-seta-patti-explosion-giallo?variant=42598710903007&om=8096,800.00,"https://cdn.shopify.com/s/files/1/0600/6692/2719/products/011872811725S102_01.jpg?v=1647426752, https://cdn.shopify.com/s/files/1/0600/6692/2719/products/011872811725S102_02.jpg?v=1647426752, https://cdn.shopify.com/s/files/1/0600/6692/2719/products/011872811725S102_03.jpg?v=1647426752, https://cdn.shopify.com/s/files/1/0600/6692/2719/products/011872811725S102_04.jpg?v=1647426752",123,0.00,"Women > Abbigliamento > Spolverini e Cappotti|Coats",Women,"Mantero 1902",8300924119676,0,"out of stock",S,"",0,"","","","",""
42598710935775,7588711923935,011872811725S103,"Patti - Spolverino in seta",}},https://www.mantero.com/products/spolverino-in-seta-patti-explosion-giallo?variant=42598710935775&om=8096,800.00,"https://cdn.shopify.com/s/files/1/0600/6692/2719/products/011872811725S102_01.jpg?v=1647426752, https://cdn.shopify.com/s/files/1/0600/6692/2719/products/011872811725S102_02.jpg?v=1647426752, https://cdn.shopify.com/s/files/1/0600/6692/2719/products/011872811725S102_03.jpg?v=1647426752, https://cdn.shopify.com/s/files/1/0600/6692/2719/products/011872811725S102_04.jpg?v=1647426752",123,0.00,"Women > Abbigliamento > Spolverini e Cappotti|Coats",Women,"Mantero 1902",8300924131487,1,"in stock",M,"",0,"","","","",""
42598710968543,7588711923935,011872811725S104,"Patti - Spolverino in seta",}},https://www.mantero.com/products/spolverino-in-seta-patti-explosion-giallo?variant=42598710968543&om=8096,800.00,"https://cdn.shopify.com/s/files/1/0600/6692/2719/products/011872811725S102_01.jpg?v=1647426752, https://cdn.shopify.com/s/files/1/0600/6692/2719/products/011872811725S102_02.jpg?v=1647426752, https://cdn.shopify.com/s/files/1/0600/6692/2719/products/011872811725S102_03.jpg?v=1647426752, https://cdn.shopify.com/s/files/1/0600/6692/2719/products/011872811725S102_04.jpg?v=1647426752",123,0.00,"Women > Abbigliamento > Spolverini e Cappotti|Coats",Women,"Mantero 1902",8300924131494,1,"in stock",L,"",0,"","","","",""
42598711034079,7588711989471,011872811726S102,"Patti - Spolverino in seta",}},https://www.mantero.com/products/spolverino-in-seta-patti-wisteria-lane-nero?variant=42598711034079&om=8096,800.00,"https://cdn.shopify.com/s/files/1/0600/6692/2719/products/011872811726S102_01.jpg?v=1645459720, https://cdn.shopify.com/s/files/1/0600/6692/2719/products/011872811726S102_02.jpg?v=1645459720, https://cdn.shopify.com/s/files/1/0600/6692/2719/products/011872811726S102_03.jpg?v=1645459720, https://cdn.shopify.com/s/files/1/0600/6692/2719/products/011872811726S102_04.jpg?v=1645459720",123,0.00,"Women > Abbigliamento > Spolverini e Cappotti|Coats",Women,"Mantero 1902",8300924122218,1,"in stock",S,"",0,"","","","",""
42598711066847,7588711989471,011872811726S103,"Patti - Spolverino in seta",}},https://www.mantero.com/products/spolverino-in-seta-patti-wisteria-lane-nero?variant=42598711066847&om=8096,800.00,"https://cdn.shopify.com/s/files/1/0600/6692/2719/products/011872811726S102_01.jpg?v=1645459720, https://cdn.shopify.com/s/files/1/0600/6692/2719/products/011872811726S102_02.jpg?v=1645459720, https://cdn.shopify.com/s/files/1/0600/6692/2719/products/011872811726S102_03.jpg?v=1645459720, https://cdn.shopify.com/s/files/1/0600/6692/2719/products/011872811726S102_04.jpg?v=1645459720",123,0.00,"Women > Abbigliamento > Spolverini e Cappotti|Coats",Women,"Mantero 1902",8300924131500,1,"in stock",M,"",0,"","","","",""
42598711099615,7588711989471,011872811726S104,"Patti - Spolverino in seta",}},https://www.mantero.com/products/spolverino-in-seta-patti-wisteria-lane-nero?variant=42598711099615&om=8096,800.00,"https://cdn.shopify.com/s/files/1/0600/6692/2719/products/011872811726S102_01.jpg?v=1645459720, https://cdn.shopify.com/s/files/1/0600/6692/2719/products/011872811726S102_02.jpg?v=1645459720, https://cdn.shopify.com/s/files/1/0600/6692/2719/products/011872811726S102_03.jpg?v=1645459720, https://cdn.shopify.com/s/files/1/0600/6692/2719/products/011872811726S102_04.jpg?v=1645459720",123,0.00,"Women > Abbigliamento > Spolverini e Cappotti|Coats",Women,"Mantero 1902",8300924131517,1,"in stock",L,"",0,"","","","",""
