id_product|category|manufacturer|product_name|supplier_reference|price|price_currency|stock|garantie|product_link|image_url|description|shipping_price
1_1|Clothes > Men|Studio Design|Hummingbird printed t-shirt S Alb||23|RON|pe comanda|2 ani|https://demo.gurucoders.ro/ps1771/ro/men/1-1-hummingbird-printed-t-shirt.html#/dimensiune-s/culoare-alb?utm_source=price.ro|http://demo.gurucoders.ro/ps1771/2/hummingbird-printed-t-shirt.jpg|<p>Symbol of lightness and delicacy, the hummingbird evokes curiosity and joy. Studio Design' PolyFaune collection features classic products with colorful patterns, inspired by the traditional japanese origamis. To wear with a chino or jeans. The sublimation textile printing process provides an exceptional color rendering and a color, guaranteed overtime.</p> Dimensiune: S Culoare: Alb Composition: Bumbac Property: Short sleeves|20
1_2|Clothes > Men|Studio Design|Hummingbird printed t-shirt S Negru||23|RON|in stoc|2 ani|https://demo.gurucoders.ro/ps1771/ro/men/1-2-hummingbird-printed-t-shirt.html#/dimensiune-s/culoare-negru?utm_source=price.ro|http://demo.gurucoders.ro/ps1771/1/hummingbird-printed-t-shirt.jpg|<p>Symbol of lightness and delicacy, the hummingbird evokes curiosity and joy. Studio Design' PolyFaune collection features classic products with colorful patterns, inspired by the traditional japanese origamis. To wear with a chino or jeans. The sublimation textile printing process provides an exceptional color rendering and a color, guaranteed overtime.</p> Dimensiune: S Culoare: Negru Composition: Bumbac Property: Short sleeves|20
1_3|Clothes > Men|Studio Design|Hummingbird printed t-shirt M Alb||23|RON|in stoc|2 ani|https://demo.gurucoders.ro/ps1771/ro/men/1-3-hummingbird-printed-t-shirt.html#/dimensiune-m/culoare-alb?utm_source=price.ro|http://demo.gurucoders.ro/ps1771/2/hummingbird-printed-t-shirt.jpg|<p>Symbol of lightness and delicacy, the hummingbird evokes curiosity and joy. Studio Design' PolyFaune collection features classic products with colorful patterns, inspired by the traditional japanese origamis. To wear with a chino or jeans. The sublimation textile printing process provides an exceptional color rendering and a color, guaranteed overtime.</p> Dimensiune: M Culoare: Alb Composition: Bumbac Property: Short sleeves|20
1_4|Clothes > Men|Studio Design|Hummingbird printed t-shirt M Negru||23|RON|in stoc|2 ani|https://demo.gurucoders.ro/ps1771/ro/men/1-4-hummingbird-printed-t-shirt.html#/dimensiune-m/culoare-negru?utm_source=price.ro|http://demo.gurucoders.ro/ps1771/1/hummingbird-printed-t-shirt.jpg|<p>Symbol of lightness and delicacy, the hummingbird evokes curiosity and joy. Studio Design' PolyFaune collection features classic products with colorful patterns, inspired by the traditional japanese origamis. To wear with a chino or jeans. The sublimation textile printing process provides an exceptional color rendering and a color, guaranteed overtime.</p> Dimensiune: M Culoare: Negru Composition: Bumbac Property: Short sleeves|20
1_5|Clothes > Men|Studio Design|Hummingbird printed t-shirt L Alb||23|RON|in stoc|2 ani|https://demo.gurucoders.ro/ps1771/ro/men/1-5-hummingbird-printed-t-shirt.html#/dimensiune-l/culoare-alb?utm_source=price.ro|http://demo.gurucoders.ro/ps1771/2/hummingbird-printed-t-shirt.jpg|<p>Symbol of lightness and delicacy, the hummingbird evokes curiosity and joy. Studio Design' PolyFaune collection features classic products with colorful patterns, inspired by the traditional japanese origamis. To wear with a chino or jeans. The sublimation textile printing process provides an exceptional color rendering and a color, guaranteed overtime.</p> Dimensiune: L Culoare: Alb Composition: Bumbac Property: Short sleeves|20
1_6|Clothes > Men|Studio Design|Hummingbird printed t-shirt L Negru||23|RON|in stoc|2 ani|https://demo.gurucoders.ro/ps1771/ro/men/1-6-hummingbird-printed-t-shirt.html#/dimensiune-l/culoare-negru?utm_source=price.ro|http://demo.gurucoders.ro/ps1771/1/hummingbird-printed-t-shirt.jpg|<p>Symbol of lightness and delicacy, the hummingbird evokes curiosity and joy. Studio Design' PolyFaune collection features classic products with colorful patterns, inspired by the traditional japanese origamis. To wear with a chino or jeans. The sublimation textile printing process provides an exceptional color rendering and a color, guaranteed overtime.</p> Dimensiune: L Culoare: Negru Composition: Bumbac Property: Short sleeves|20
1_7|Clothes > Men|Studio Design|Hummingbird printed t-shirt XL Alb||23|RON|in stoc|2 ani|https://demo.gurucoders.ro/ps1771/ro/men/1-7-hummingbird-printed-t-shirt.html#/dimensiune-xl/culoare-alb?utm_source=price.ro|http://demo.gurucoders.ro/ps1771/2/hummingbird-printed-t-shirt.jpg|<p>Symbol of lightness and delicacy, the hummingbird evokes curiosity and joy. Studio Design' PolyFaune collection features classic products with colorful patterns, inspired by the traditional japanese origamis. To wear with a chino or jeans. The sublimation textile printing process provides an exceptional color rendering and a color, guaranteed overtime.</p> Dimensiune: XL Culoare: Alb Composition: Bumbac Property: Short sleeves|20
1_8|Clothes > Men|Studio Design|Hummingbird printed t-shirt XL Negru||23|RON|in stoc|2 ani|https://demo.gurucoders.ro/ps1771/ro/men/1-8-hummingbird-printed-t-shirt.html#/dimensiune-xl/culoare-negru?utm_source=price.ro|http://demo.gurucoders.ro/ps1771/1/hummingbird-printed-t-shirt.jpg|<p>Symbol of lightness and delicacy, the hummingbird evokes curiosity and joy. Studio Design' PolyFaune collection features classic products with colorful patterns, inspired by the traditional japanese origamis. To wear with a chino or jeans. The sublimation textile printing process provides an exceptional color rendering and a color, guaranteed overtime.</p> Dimensiune: XL Culoare: Negru Composition: Bumbac Property: Short sleeves|20
2_9|Clothes > Women|Studio Design|Hummingbird printed sweater S||34|RON|in stoc|2 ani|https://demo.gurucoders.ro/ps1771/ro/women/2-9-brown-bear-printed-sweater.html#/dimensiune-s?utm_source=price.ro|http://demo.gurucoders.ro/ps1771/21/brown-bear-printed-sweater.jpg|<p>Studio Design' PolyFaune collection features classic products with colorful patterns, inspired by the traditional japanese origamis. To wear with a chino or jeans. The sublimation textile printing process provides an exceptional color rendering and a color, guaranteed overtime.</p> Dimensiune: S Composition: Bumbac Property: Long sleeves|20
2_10|Clothes > Women|Studio Design|Hummingbird printed sweater M||34|RON|in stoc|2 ani|https://demo.gurucoders.ro/ps1771/ro/women/2-10-brown-bear-printed-sweater.html#/dimensiune-m?utm_source=price.ro|http://demo.gurucoders.ro/ps1771/21/brown-bear-printed-sweater.jpg|<p>Studio Design' PolyFaune collection features classic products with colorful patterns, inspired by the traditional japanese origamis. To wear with a chino or jeans. The sublimation textile printing process provides an exceptional color rendering and a color, guaranteed overtime.</p> Dimensiune: M Composition: Bumbac Property: Long sleeves|20
2_11|Clothes > Women|Studio Design|Hummingbird printed sweater L||34|RON|in stoc|2 ani|https://demo.gurucoders.ro/ps1771/ro/women/2-11-brown-bear-printed-sweater.html#/dimensiune-l?utm_source=price.ro|http://demo.gurucoders.ro/ps1771/21/brown-bear-printed-sweater.jpg|<p>Studio Design' PolyFaune collection features classic products with colorful patterns, inspired by the traditional japanese origamis. To wear with a chino or jeans. The sublimation textile printing process provides an exceptional color rendering and a color, guaranteed overtime.</p> Dimensiune: L Composition: Bumbac Property: Long sleeves|20
2_12|Clothes > Women|Studio Design|Hummingbird printed sweater XL||34|RON|in stoc|2 ani|https://demo.gurucoders.ro/ps1771/ro/women/2-12-brown-bear-printed-sweater.html#/dimensiune-xl?utm_source=price.ro|http://demo.gurucoders.ro/ps1771/21/brown-bear-printed-sweater.jpg|<p>Studio Design' PolyFaune collection features classic products with colorful patterns, inspired by the traditional japanese origamis. To wear with a chino or jeans. The sublimation textile printing process provides an exceptional color rendering and a color, guaranteed overtime.</p> Dimensiune: XL Composition: Bumbac Property: Long sleeves|20
3_13|Art|Graphic Corner|The best is yet to come' Framed poster 40x60cm||35|RON|in stoc|2 ani|https://demo.gurucoders.ro/ps1771/ro/art/3-13-the-best-is-yet-to-come-framed-poster.html#/dimension-40x60cm?utm_source=price.ro|http://demo.gurucoders.ro/ps1771/3/the-best-is-yet-to-come-framed-poster.jpg|<p>The best is yet to come! Give your walls a voice with a framed poster. This aesthethic, optimistic poster will look great in your desk or in an open-space office. Painted wooden frame with passe-partout for more depth.</p> Dimension: 40x60cm Composition: Matt paper|20
3_14|Art|Graphic Corner|The best is yet to come' Framed poster 60x90cm||58|RON|in stoc|2 ani|https://demo.gurucoders.ro/ps1771/ro/art/3-14-the-best-is-yet-to-come-framed-poster.html#/dimension-60x90cm?utm_source=price.ro|http://demo.gurucoders.ro/ps1771/3/the-best-is-yet-to-come-framed-poster.jpg|<p>The best is yet to come! Give your walls a voice with a framed poster. This aesthethic, optimistic poster will look great in your desk or in an open-space office. Painted wooden frame with passe-partout for more depth.</p> Dimension: 60x90cm Composition: Matt paper|20
3_15|Art|Graphic Corner|The best is yet to come' Framed poster 80x120cm||94|RON|in stoc|2 ani|https://demo.gurucoders.ro/ps1771/ro/art/3-15-the-best-is-yet-to-come-framed-poster.html#/dimension-80x120cm?utm_source=price.ro|http://demo.gurucoders.ro/ps1771/3/the-best-is-yet-to-come-framed-poster.jpg|<p>The best is yet to come! Give your walls a voice with a framed poster. This aesthethic, optimistic poster will look great in your desk or in an open-space office. Painted wooden frame with passe-partout for more depth.</p> Dimension: 80x120cm Composition: Matt paper|20
4_16|Art|Graphic Corner|The adventure begins Framed poster 40x60cm||35|RON|in stoc|2 ani|https://demo.gurucoders.ro/ps1771/ro/art/4-16-the-adventure-begins-framed-poster.html#/dimension-40x60cm?utm_source=price.ro|http://demo.gurucoders.ro/ps1771/4/the-adventure-begins-framed-poster.jpg|<p>The best is yet to come! Give your walls a voice with a framed poster. This aesthethic, optimistic poster will look great in your desk or in an open-space office. Painted wooden frame with passe-partout for more depth.</p> Dimension: 40x60cm Composition: Matt paper|20
4_17|Art|Graphic Corner|The adventure begins Framed poster 60x90cm||58|RON|in stoc|2 ani|https://demo.gurucoders.ro/ps1771/ro/art/4-17-the-adventure-begins-framed-poster.html#/dimension-60x90cm?utm_source=price.ro|http://demo.gurucoders.ro/ps1771/4/the-adventure-begins-framed-poster.jpg|<p>The best is yet to come! Give your walls a voice with a framed poster. This aesthethic, optimistic poster will look great in your desk or in an open-space office. Painted wooden frame with passe-partout for more depth.</p> Dimension: 60x90cm Composition: Matt paper|20
4_18|Art|Graphic Corner|The adventure begins Framed poster 80x120cm||94|RON|in stoc|2 ani|https://demo.gurucoders.ro/ps1771/ro/art/4-18-the-adventure-begins-framed-poster.html#/dimension-80x120cm?utm_source=price.ro|http://demo.gurucoders.ro/ps1771/4/the-adventure-begins-framed-poster.jpg|<p>The best is yet to come! Give your walls a voice with a framed poster. This aesthethic, optimistic poster will look great in your desk or in an open-space office. Painted wooden frame with passe-partout for more depth.</p> Dimension: 80x120cm Composition: Matt paper|20
5_19|Art|Graphic Corner|Today is a good day Framed poster 40x60cm||35|RON|in stoc|2 ani|https://demo.gurucoders.ro/ps1771/ro/art/5-19-today-is-a-good-day-framed-poster.html#/dimension-40x60cm?utm_source=price.ro|http://demo.gurucoders.ro/ps1771/5/today-is-a-good-day-framed-poster.jpg|<p>The best is yet to come! Give your walls a voice with a framed poster. This aesthethic, optimistic poster will look great in your desk or in an open-space office. Painted wooden frame with passe-partout for more depth.</p> Dimension: 40x60cm Composition: Matt paper|20
5_20|Art|Graphic Corner|Today is a good day Framed poster 60x90cm||58|RON|in stoc|2 ani|https://demo.gurucoders.ro/ps1771/ro/art/5-20-today-is-a-good-day-framed-poster.html#/dimension-60x90cm?utm_source=price.ro|http://demo.gurucoders.ro/ps1771/5/today-is-a-good-day-framed-poster.jpg|<p>The best is yet to come! Give your walls a voice with a framed poster. This aesthethic, optimistic poster will look great in your desk or in an open-space office. Painted wooden frame with passe-partout for more depth.</p> Dimension: 60x90cm Composition: Matt paper|20
5_21|Art|Graphic Corner|Today is a good day Framed poster 80x120cm||94|RON|in stoc|2 ani|https://demo.gurucoders.ro/ps1771/ro/art/5-21-today-is-a-good-day-framed-poster.html#/dimension-80x120cm?utm_source=price.ro|http://demo.gurucoders.ro/ps1771/5/today-is-a-good-day-framed-poster.jpg|<p>The best is yet to come! Give your walls a voice with a framed poster. This aesthethic, optimistic poster will look great in your desk or in an open-space office. Painted wooden frame with passe-partout for more depth.</p> Dimension: 80x120cm Composition: Matt paper|20
6|Accesorii > Home Accessories|Studio Design|Mug The best is yet to come||14|RON|in stoc|2 ani|https://demo.gurucoders.ro/ps1771/ro/home-accessories/6-mug-the-best-is-yet-to-come.html?utm_source=price.ro|http://demo.gurucoders.ro/ps1771/6/mug-the-best-is-yet-to-come.jpg|<p>The best is yet to come! Start the day off right with a positive thought. 8,2cm diameter / 9,5cm height / 0.43kg. Dishwasher-proof.</p> Composition: Ceramic|20
7|Accesorii > Home Accessories|Studio Design|Mug The adventure begins||14|RON|in stoc|2 ani|https://demo.gurucoders.ro/ps1771/ro/home-accessories/7-mug-the-adventure-begins.html?utm_source=price.ro|http://demo.gurucoders.ro/ps1771/7/mug-the-adventure-begins.jpg|<p>The adventure begins with a cup of coffee. Set out to conquer the day! 8,2cm diameter / 9,5cm height / 0.43kg. Dishwasher-proof.</p> Composition: Ceramic|20
8|Accesorii > Home Accessories|Studio Design|Mug Today is a good day||14|RON|in stoc|2 ani|https://demo.gurucoders.ro/ps1771/ro/home-accessories/8-mug-today-is-a-good-day.html?utm_source=price.ro|http://demo.gurucoders.ro/ps1771/8/mug-today-is-a-good-day.jpg|<p>Add an optimistic touch to your morning coffee and start the day in a good mood! 8,2cm diameter / 9,5cm height / 0.43kg. Dishwasher-proof.</p> Composition: Ceramic|20
9_22|Accesorii > Home Accessories|Studio Design|Mountain fox cushion Alb||22|RON|in stoc|2 ani|https://demo.gurucoders.ro/ps1771/ro/home-accessories/9-22-mountain-fox-cushion.html#/culoare-alb?utm_source=price.ro|http://demo.gurucoders.ro/ps1771/10/mountain-fox-cushion.jpg|<p>The mountain fox cushion will add a graphic and colorful touch to your sofa, armchair or bed. Create a modern and zen atmosphere that inspires relaxation. Cover 100% cotton, machine washable at 60° / Filling 100% hypoallergenic polyester.</p> Culoare: Alb Composition: Poliester Property: Removable cover|20
9_23|Accesorii > Home Accessories|Studio Design|Mountain fox cushion Negru||22|RON|in stoc|2 ani|https://demo.gurucoders.ro/ps1771/ro/home-accessories/9-23-mountain-fox-cushion.html#/culoare-negru?utm_source=price.ro|http://demo.gurucoders.ro/ps1771/9/mountain-fox-cushion.jpg|<p>The mountain fox cushion will add a graphic and colorful touch to your sofa, armchair or bed. Create a modern and zen atmosphere that inspires relaxation. Cover 100% cotton, machine washable at 60° / Filling 100% hypoallergenic polyester.</p> Culoare: Negru Composition: Poliester Property: Removable cover|20
10_24|Accesorii > Home Accessories|Studio Design|Brown bear cushion Alb||22|RON|in stoc|2 ani|https://demo.gurucoders.ro/ps1771/ro/home-accessories/10-24-brown-bear-cushion.html#/culoare-alb?utm_source=price.ro|http://demo.gurucoders.ro/ps1771/12/brown-bear-cushion.jpg|<p>The brown bear cushion will add a graphic and colorful touch to your sofa, armchair or bed. Create a modern and zen atmosphere that inspires relaxation. Cover 100% cotton, machine washable at 60° / Filling 100% hypoallergenic polyester.</p> Culoare: Alb Composition: Poliester Property: Removable cover|20
10_25|Accesorii > Home Accessories|Studio Design|Brown bear cushion Negru||22|RON|in stoc|2 ani|https://demo.gurucoders.ro/ps1771/ro/home-accessories/10-25-brown-bear-cushion.html#/culoare-negru?utm_source=price.ro|http://demo.gurucoders.ro/ps1771/11/brown-bear-cushion.jpg|<p>The brown bear cushion will add a graphic and colorful touch to your sofa, armchair or bed. Create a modern and zen atmosphere that inspires relaxation. Cover 100% cotton, machine washable at 60° / Filling 100% hypoallergenic polyester.</p> Culoare: Negru Composition: Poliester Property: Removable cover|20
11_26|Accesorii > Home Accessories|Studio Design|Hummingbird cushion Alb||22|RON|in stoc|2 ani|https://demo.gurucoders.ro/ps1771/ro/home-accessories/11-26-hummingbird-cushion.html#/culoare-alb?utm_source=price.ro|http://demo.gurucoders.ro/ps1771/14/hummingbird-cushion.jpg|<p>The hummingbird cushion will add a graphic and colorful touch to your sofa, armchair or bed. Create a modern and zen atmosphere that inspires relaxation. Cover 100% cotton, machine washable at 60° / Filling 100% hypoallergenic polyester.</p> Culoare: Alb Composition: Poliester Property: Removable cover|20
11_27|Accesorii > Home Accessories|Studio Design|Hummingbird cushion Negru||22|RON|in stoc|2 ani|https://demo.gurucoders.ro/ps1771/ro/home-accessories/11-27-hummingbird-cushion.html#/culoare-negru?utm_source=price.ro|http://demo.gurucoders.ro/ps1771/13/hummingbird-cushion.jpg|<p>The hummingbird cushion will add a graphic and colorful touch to your sofa, armchair or bed. Create a modern and zen atmosphere that inspires relaxation. Cover 100% cotton, machine washable at 60° / Filling 100% hypoallergenic polyester.</p> Culoare: Negru Composition: Poliester Property: Removable cover|20
12|Art|Graphic Corner|Mountain fox - Vector graphics||11|RON|in stoc|2 ani|https://demo.gurucoders.ro/ps1771/ro/art/12-mountain-fox-vector-graphics.html?utm_source=price.ro|http://demo.gurucoders.ro/ps1771/15/mountain-fox-vector-graphics.jpg|<p>You have a custom printing creative project? The vector graphic Mountain fox illustration can be used for printing purpose on any support, without size limitation. </p>|20
13|Art|Graphic Corner|Brown bear - Vector graphics||11|RON|in stoc|2 ani|https://demo.gurucoders.ro/ps1771/ro/art/13-brown-bear-vector-graphics.html?utm_source=price.ro|http://demo.gurucoders.ro/ps1771/16/brown-bear-vector-graphics.jpg|<p>You have a custom printing creative project? The vector graphic Mountain fox illustration can be used for printing purpose on any support, without size limitation. </p>|20
14|Art|Graphic Corner|Hummingbird - Vector graphics||11|RON|in stoc|2 ani|https://demo.gurucoders.ro/ps1771/ro/art/14-hummingbird-vector-graphics.html?utm_source=price.ro|http://demo.gurucoders.ro/ps1771/17/hummingbird-vector-graphics.jpg|<p>You have a custom printing creative project? The vector graphic Mountain fox illustration can be used for printing purpose on any support, without size limitation. </p>|20
15|Accesorii > Home Accessories||Pack Mug + Framed poster||42|RON|in stoc|2 ani|https://demo.gurucoders.ro/ps1771/ro/home-accessories/15-pack-mug-framed-poster.html?utm_source=price.ro|http://demo.gurucoders.ro/ps1771/23/pack-mug-framed-poster.jpg||20
16_28|Accesorii > Stationery|Graphic Corner|Mountain fox notebook Ruled||15|RON|in stoc|2 ani|https://demo.gurucoders.ro/ps1771/ro/stationery/16-28-mountain-fox-notebook.html#/paper_type-ruled?utm_source=price.ro|http://demo.gurucoders.ro/ps1771/18/mountain-fox-notebook.jpg|<p>The Mountain fox notebook is the best option to write down your most ingenious ideas. At work, at home or when traveling, its endearing design and manufacturing quality will make you feel like writing! 90 gsm paper / double spiral binding.</p> Paper Type: Ruled Composition: Recycled cardboard Property: 120 pages|20
16_29|Accesorii > Stationery|Graphic Corner|Mountain fox notebook Plain||15|RON|in stoc|2 ani|https://demo.gurucoders.ro/ps1771/ro/stationery/16-29-mountain-fox-notebook.html#/paper_type-plain?utm_source=price.ro|http://demo.gurucoders.ro/ps1771/18/mountain-fox-notebook.jpg|<p>The Mountain fox notebook is the best option to write down your most ingenious ideas. At work, at home or when traveling, its endearing design and manufacturing quality will make you feel like writing! 90 gsm paper / double spiral binding.</p> Paper Type: Plain Composition: Recycled cardboard Property: 120 pages|20
16_30|Accesorii > Stationery|Graphic Corner|Mountain fox notebook Squarred||15|RON|in stoc|2 ani|https://demo.gurucoders.ro/ps1771/ro/stationery/16-30-mountain-fox-notebook.html#/paper_type-squarred?utm_source=price.ro|http://demo.gurucoders.ro/ps1771/18/mountain-fox-notebook.jpg|<p>The Mountain fox notebook is the best option to write down your most ingenious ideas. At work, at home or when traveling, its endearing design and manufacturing quality will make you feel like writing! 90 gsm paper / double spiral binding.</p> Paper Type: Squarred Composition: Recycled cardboard Property: 120 pages|20
16_31|Accesorii > Stationery|Graphic Corner|Mountain fox notebook Doted||15|RON|in stoc|2 ani|https://demo.gurucoders.ro/ps1771/ro/stationery/16-31-mountain-fox-notebook.html#/paper_type-doted?utm_source=price.ro|http://demo.gurucoders.ro/ps1771/18/mountain-fox-notebook.jpg|<p>The Mountain fox notebook is the best option to write down your most ingenious ideas. At work, at home or when traveling, its endearing design and manufacturing quality will make you feel like writing! 90 gsm paper / double spiral binding.</p> Paper Type: Doted Composition: Recycled cardboard Property: 120 pages|20
17_32|Accesorii > Stationery|Graphic Corner|Brown bear notebook Ruled||15|RON|in stoc|2 ani|https://demo.gurucoders.ro/ps1771/ro/stationery/17-32-brown-bear-notebook.html#/paper_type-ruled?utm_source=price.ro|http://demo.gurucoders.ro/ps1771/19/brown-bear-notebook.jpg|<p>The Mountain fox notebook is the best option to write down your most ingenious ideas. At work, at home or when traveling, its endearing design and manufacturing quality will make you feel like writing! 90 gsm paper / double spiral binding.</p> Paper Type: Ruled Composition: Recycled cardboard Property: 120 pages|20
17_33|Accesorii > Stationery|Graphic Corner|Brown bear notebook Plain||15|RON|in stoc|2 ani|https://demo.gurucoders.ro/ps1771/ro/stationery/17-33-brown-bear-notebook.html#/paper_type-plain?utm_source=price.ro|http://demo.gurucoders.ro/ps1771/19/brown-bear-notebook.jpg|<p>The Mountain fox notebook is the best option to write down your most ingenious ideas. At work, at home or when traveling, its endearing design and manufacturing quality will make you feel like writing! 90 gsm paper / double spiral binding.</p> Paper Type: Plain Composition: Recycled cardboard Property: 120 pages|20
17_34|Accesorii > Stationery|Graphic Corner|Brown bear notebook Squarred||15|RON|in stoc|2 ani|https://demo.gurucoders.ro/ps1771/ro/stationery/17-34-brown-bear-notebook.html#/paper_type-squarred?utm_source=price.ro|http://demo.gurucoders.ro/ps1771/19/brown-bear-notebook.jpg|<p>The Mountain fox notebook is the best option to write down your most ingenious ideas. At work, at home or when traveling, its endearing design and manufacturing quality will make you feel like writing! 90 gsm paper / double spiral binding.</p> Paper Type: Squarred Composition: Recycled cardboard Property: 120 pages|20
17_35|Accesorii > Stationery|Graphic Corner|Brown bear notebook Doted||15|RON|in stoc|2 ani|https://demo.gurucoders.ro/ps1771/ro/stationery/17-35-brown-bear-notebook.html#/paper_type-doted?utm_source=price.ro|http://demo.gurucoders.ro/ps1771/19/brown-bear-notebook.jpg|<p>The Mountain fox notebook is the best option to write down your most ingenious ideas. At work, at home or when traveling, its endearing design and manufacturing quality will make you feel like writing! 90 gsm paper / double spiral binding.</p> Paper Type: Doted Composition: Recycled cardboard Property: 120 pages|20
18_36|Accesorii > Stationery|Graphic Corner|Hummingbird notebook Ruled||15|RON|in stoc|2 ani|https://demo.gurucoders.ro/ps1771/ro/stationery/18-36-hummingbird-notebook.html#/paper_type-ruled?utm_source=price.ro|http://demo.gurucoders.ro/ps1771/20/hummingbird-notebook.jpg|<p>The Mountain fox notebook is the best option to write down your most ingenious ideas. At work, at home or when traveling, its endearing design and manufacturing quality will make you feel like writing! 90 gsm paper / double spiral binding.</p> Paper Type: Ruled Composition: Recycled cardboard Property: 120 pages|20
18_37|Accesorii > Stationery|Graphic Corner|Hummingbird notebook Plain||15|RON|in stoc|2 ani|https://demo.gurucoders.ro/ps1771/ro/stationery/18-37-hummingbird-notebook.html#/paper_type-plain?utm_source=price.ro|http://demo.gurucoders.ro/ps1771/20/hummingbird-notebook.jpg|<p>The Mountain fox notebook is the best option to write down your most ingenious ideas. At work, at home or when traveling, its endearing design and manufacturing quality will make you feel like writing! 90 gsm paper / double spiral binding.</p> Paper Type: Plain Composition: Recycled cardboard Property: 120 pages|20
18_38|Accesorii > Stationery|Graphic Corner|Hummingbird notebook Squarred||15|RON|in stoc|2 ani|https://demo.gurucoders.ro/ps1771/ro/stationery/18-38-hummingbird-notebook.html#/paper_type-squarred?utm_source=price.ro|http://demo.gurucoders.ro/ps1771/20/hummingbird-notebook.jpg|<p>The Mountain fox notebook is the best option to write down your most ingenious ideas. At work, at home or when traveling, its endearing design and manufacturing quality will make you feel like writing! 90 gsm paper / double spiral binding.</p> Paper Type: Squarred Composition: Recycled cardboard Property: 120 pages|20
18_39|Accesorii > Stationery|Graphic Corner|Hummingbird notebook Doted||15|RON|in stoc|2 ani|https://demo.gurucoders.ro/ps1771/ro/stationery/18-39-hummingbird-notebook.html#/paper_type-doted?utm_source=price.ro|http://demo.gurucoders.ro/ps1771/20/hummingbird-notebook.jpg|<p>The Mountain fox notebook is the best option to write down your most ingenious ideas. At work, at home or when traveling, its endearing design and manufacturing quality will make you feel like writing! 90 gsm paper / double spiral binding.</p> Paper Type: Doted Composition: Recycled cardboard Property: 120 pages|20
19|Accesorii > Home Accessories|Studio Design|Customizable mug||17|RON|in stoc|2 ani|https://demo.gurucoders.ro/ps1771/ro/home-accessories/19-customizable-mug.html?utm_source=price.ro|http://demo.gurucoders.ro/ps1771/22/customizable-mug.jpg|<p>Customize your mug with the text of your choice. A mood, a message, a quote... It's up to you! Maximum number of characters: ---</p> Composition: Ceramic|20
